被试编号,实验条件,eHMI样式,紧急程度,追赶公交车,车流密度,环境照度,注视次数eHMI1,eHMI2,eHMI3,eHMI,车辆,总,注视时长eHMI1,eHMI2,eHMI3,eHMI,车辆,总,首次注视,穿越过程注视次数eHMI1,eHMI2,eHMI3,eHMI,车辆,总,穿越过程注视时长eHMI1,eHMI2,eHMI3,eHMI,车辆,总,首次注视,瞳孔最大,瞳孔平均,瞳孔差值,穿越过程瞳孔最大,穿越过程瞳孔平均,穿越过程瞳孔差值,穿越状态,穿越延误,穿越时间,安全边际,安全距离,Q1,Q2,Q3
1,7,4,2,False,Low,Clear,0,0,0,0,0,0,0,0,0,0,0,0,0,0,0,0,0,0,0,0,0,0,0,0.0604347,0.0604347,0,3.870659,3.139648,0.4322803,4.257729,3.67278,0.4419801,1,1.16,1.921391,0.6453773,2.404221,4,6,7
1,1,2,1,False,Low,Clear,0,0,0,0,0,0,0,0,0,0,0,0,0,0,2,0,2,0,2,0,0.188561,0,0.188561,0,0.188561,2.540109,3.322823,2.523287,0.09732056,3.942345,3.082517,0.9225931,1,1.03,2.64163,2.16671,6.023453,7,6,6
1,12,1,2,True,Low,Clear,1,0,0,1,7,8,0.0908257,0,0,0.0908257,1.529255,1.620081,3.354599,0,0,0,0,0,0,0,0,0,0,0,0,0,3.799492,3.27223,0.4332635,3.517403,3.113998,0.4034042,0,5.14,0.285619,0,0,1,1,1
1,29,2,2,True,High,Clear,0,0,0,0,0,0,0,0.1069152,0,0.1069152,0.0880724,0.1949876,0,1,1,0,2,4,6,0.0604138,0.7235099,0,0.7839237,0.3847242,1.168648,0.3504544,3.737694,3.278414,0.3690276,4.07341,3.581099,0.3379829,1,1.11,2.006515,0.566392,2.055604,4,6,7
1,8,1,1,True,Low,Clear,0,0,0,0,0,0,0,0,0,0,0,0,0,0,0,0,0,0,0,0,0,0,0,0,0,0,3.756096,3.460599,0.3103418,3.914917,3.22375,0.7183774,1,1.29,2.678346,1.757736,4.886506,6,1,1
1,18,3,1,False,High,Clear,0,0,0,0,0,0,0,0,0,0,0,0,0,1,5,0,6,0,6,0.2303179,0.4843569,0,0.7146748,0.1683232,0.882998,0.1209279,3.309311,2.80059,0.5087211,3.526917,2.984855,0.4874747,1,0.91,3.33275,1.848405,5.138566,7,7,7
1,3,4,1,False,Low,Clear,0,0,0,0,0,0,0,0,0,0,0,0,0,0,0,0,0,0,0,0,0,0,0,0.1843059,0.1843059,0,3.2211,2.960144,0.1955364,3.852272,3.014036,0.745157,1,1.21,2.611072,1.994346,5.544281,7,7,7
1,26,3,1,True,High,Clear,0,0,0,0,0,0,0,0,0,0,0,0,0,0,0,0,0,0,0,0,0,0,0,0,0,0,3.403412,3.115928,0.1834888,3.80423,3.316855,0.4546871,1,1.37,2.456097,1.838695,5.111573,7,7,6
1,0,1,1,False,Low,Clear,0,0,0,0,0,0,0,0,0,0,0,0,0,0,0,0,0,2,2,0,0.2297903,0,0.2297903,0.2456194,0.4754097,0,4.194099,3.013559,1.338527,3.847046,3.138073,0.7129223,1,1.71,2.454729,1.499248,4.167908,6,7,6
1,23,4,2,False,High,Clear,0,0,0,0,0,0,0,0,0,0,0.6242289,0.6242289,0,0,0,0,0,0,0,0,0,0,0,0,0,0,0,0,0,3.411964,3.112057,0.299907,0,-5.02,0.8226554,0,0,4,7,7
1,23,4,2,False,High,Clear,0,0,0,0,0,0,0,0,0,0,0,0,0,0,0,0,0,0,0,0,0.0658097,0,0.0658097,0.4846862,0.5504959,0,3.510139,2.902431,0.4589486,4.179413,3.48275,0.3670552,1,1.30,2.050561,0.4516347,1.537949,6,7,7
1,20,1,2,False,High,Clear,0,0,0,0,11,11,0.0661112,0,0,0.0661112,1.349898,1.416009,0,0,0,0,0,0,0,0,0,0,0,0,0,0,3.665443,3.268534,0.4368663,3.509216,3.335498,0.1737185,0,4.60,0.7538056,0,0,4,1,1
1,22,3,2,False,High,Clear,5,0,0,5,3,8,0.4432875,0,0,0.4432875,1.401343,1.84463,0,0,0,0,0,0,0,0,0,0,0,0,0,0,0,0,0,2.944443,2.747772,0.1966703,0,-5.02,0.4896921,0,0,1,7,7
1,25,2,1,True,High,Clear,0,0,0,0,2,2,0,0,0,0,0.1552293,0.1552293,0,0,0,0,0,0,0,0,0,0,0,0,0,0,3.469551,3.029314,0.4402373,4.047722,2.876556,1.268496,1,0.86,2.633387,2.213743,6.154206,6,7,7
1,22,3,2,False,High,Clear,0,0,0,0,2,2,0.0666254,0,0,0.0666254,0.4429004,0.5095258,0,0,0,0,0,3,3,0.1367813,0,0,0.1367813,0.4961463,0.6329276,0,2.59449,2.29773,0.1279917,3.414551,2.865018,0.625062,1,1.31,1.855994,0.5423447,1.950974,6,7,7
1,19,4,1,False,High,Clear,0,0,0,0,0,0,0,0,0,0,0.06703129,0.06703129,0,0,0,0,0,0,0,0,0,0,0,0,0,0,2.888603,2.570884,0.4858682,3.48069,2.882635,0.5471654,1,1.08,2.055128,2.54195,7.06662,7,7,7
1,14,3,2,True,Low,Clear,0,0,0,0,0,0,0,0,0,0,0,0,0,0,1,0,1,3,4,0.060689,0.178462,0,0.239151,0.3578919,0.5970429,1.64347,3.255272,3.054236,0.201036,3.776367,3.260027,0.5583313,1,0.71,2.29106,0.7422582,2.931397,5,7,6
1,11,4,1,True,Low,Clear,0,0,0,0,0,0,0,0,0,0,0,0,0,0,0,0,0,0,0,0,0,0,0,0,0,0,3.388123,3.196981,0.1911418,3.560692,3.169291,0.4935768,1,0.53,2.653721,2.456413,6.828827,7,7,7
1,9,2,1,True,Low,Clear,0,0,0,0,2,2,0,0,0,0,0.2670005,0.2670005,0,0,0,0,0,0,0,0,0,0,0,0,0,0,3.220039,2.96818,0.1489868,3.460098,2.962085,0.579309,1,1.00,2.573777,2.144552,5.961854,7,6,6
1,21,2,2,False,High,Clear,0,0,0,0,0,0,0,0,0,0,0,0,0,0,2,0,2,0,2,0,0.1117624,0,0.1117624,0.2928428,0.4046052,0.5527191,3.24115,2.64976,0.4172032,3.716583,3.231788,0.2183681,1,1.00,2.12117,0.600519,2.275544,4,6,6
1,5,2,2,False,Low,Clear,0,0,0,0,0,0,0,0,0,0,0,0,0,0,1,0,1,0,1,0,0.1771106,0,0.1771106,0.0855923,0.2627029,1.598216,3.617615,2.894838,0.07808995,3.848755,3.224423,0.5872042,1,1.02,2.313264,0.4997147,1.685685,4,7,5
1,17,2,1,False,High,Clear,0,0,0,0,0,0,0,0,0,0,0,0,0,0,0,0,0,0,0,0,0,0,0,0.0814982,0.0814982,0,3.33786,2.818758,0.1770582,3.730644,2.930931,0.2011912,1,1.14,2.412604,2.170909,6.035126,7,7,7
1,28,1,2,True,High,Clear,0,0,0,0,17,17,0.0258184,0,0,0.0258184,2.461524,2.487342,0,0,0,0,0,0,0,0,0,0,0,0,0,0,3.443115,3.028486,0.4907897,0,0,0,0,0.00,0,0,0,1,1,1
1,28,1,2,True,High,Clear,0,0,0,0,0,0,0,0,0,0,0,0,0,0,0,0,0,0,0,0,0,0,0,0,0,0,3.540337,3.441066,0.09927106,4.158913,3.636464,0.639925,1,-0.04,1.641637,1.584487,9.553346,7,1,1
1,31,4,2,True,High,Clear,0,0,0,0,0,0,0,0,0,0,0,0,0,0,0,0,0,4,4,0.0888545,0,0,0.0888545,0.2103472,0.2992017,0,0,0,0,4.194954,3.757891,0.3869982,1,-0.14,2.200114,1.41467,7.940964,7,6,4
1,6,3,2,False,Low,Clear,1,0,0,1,1,2,0.2203562,0,0,0.2203562,0.1118579,0.3322141,1.624182,3,0,0,3,0,3,0.1953955,0.2416677,0,0.4370632,0.1236307,0.5606939,0.3780067,3.351776,2.787269,0.6376543,3.641495,3.048578,0.4559841,1,1.13,2.089295,0.5405532,1.927231,4,7,6
1,2,3,1,False,Low,Clear,0,0,0,0,0,0,0,0,0,0,0,0,0,0,0,0,0,0,0,0,0,0,0,0.0668644,0.0668644,0,0,0,0,3.773071,3.023879,0.7385299,1,-2.80,5.834679,2.765255,7.687409,7,7,4
1,4,1,2,False,Low,Clear,0,0,0,0,9,9,0.0229549,0,0,0.0229549,2.130914,2.153869,0,0,0,0,0,0,0,0,0,0,0,0,0,0,3.141914,2.833025,0.4605172,0,0,0,0,0.00,0,0,0,1,0,0
1,24,1,1,True,High,Clear,0,0,0,0,0,0,0,0,0,0,0,0,0,0,0,0,0,0,0,0,0,0,0,0,0,0,3.51165,3.308797,0.202853,4.043045,3.362586,0.7682767,1,0.14,1.79853,3.520093,9.785859,7,1,1
1,15,4,2,True,Low,Clear,0,0,0,0,2,2,0,0,0,0,0.3005097,0.3005097,0,2,2,0,4,0,4,0.117005,0.3988923,0,0.5158973,0.2221612,0.7380584,1.445606,3.530869,3.416787,0.1140811,4.073837,3.460145,0.5524821,1,0.80,2.450037,0.5536965,1.974091,4,7,6
1,16,1,1,False,High,Clear,0,0,0,0,0,0,0,0,0,0,0,0,0,0,0,0,0,0,0,0,0,0,0,0,0,0,2.704437,2.563492,0.1409454,3.639015,3.091723,0.4620955,1,0.09,2.683095,2.920368,8.118623,7,1,1
1,27,4,1,True,High,Clear,0,0,0,0,0,0,0,0,0,0,0,0,0,1,0,0,1,1,2,0.2030949,0.0204306,0,0.2235255,0.4115639,0.6350894,1.117198,3.611252,3.467762,0.1434901,4.200562,3.528285,0.6136303,1,0.13,2.732952,3.049952,8.478868,7,7,5
1,13,2,2,True,Low,Clear,0,0,0,0,0,0,0,0,0,0,0,0,0,1,2,0,3,4,7,0.1362515,0.3510069,0,0.4872584,0.6225969,1.109855,1.758471,3.263496,3.129786,0.1337101,3.774651,3.2193,0.4978292,1,0.68,2.643162,0.5749243,2.049775,4,5,7
1,10,3,1,True,Low,Clear,0,0,0,0,0,0,0,0,0,0,0,0,0,0,0,0,0,0,0,0,0,0,0,0,0,0,0,0,0,4.047554,3.578654,0.4645498,1,-4.54,1.611716,5.479279,45.66047,7,1,1
1,30,3,2,True,High,Clear,0,0,0,0,0,0,0,0,0,0,0,0,0,0,0,0,0,0,0,0,0.0824525,0,0.0824525,0.1077471,0.1901996,0,3.241814,3.219355,0.02245879,3.635681,3.10405,0.5612152,1,0.04,2.588281,1.065381,4.957535,7,7,7
2,0,1,1,False,Low,Clear,0,0,0,0,2,2,0.6930422,1.063768,0,1.75681,0.2650675,2.021878,0,0,4,0,4,2,6,0,0.2894632,0,0.2894632,0.2883514,0.5778146,0.6904167,4.185822,3.892228,0.2714553,4.277962,3.901012,0.4423952,1,2.26,2.163867,1.15722,3.217072,1,1,1
2,18,3,1,False,High,Clear,2,0,0,2,2,4,0.2855881,0.206597,0,0.4921851,0.240585,0.7327701,0.7352847,4,0,0,4,2,6,0.4861928,0.1999041,0,0.6860969,0.165292,0.8513889,0.6656439,3.831657,3.606635,0.4696946,4.09977,3.727234,0.3957429,1,1.38,2.493739,1.80826,5.026963,5,6,5
2,7,4,2,False,Low,Clear,0,2,0,2,2,4,0.1767954,0.755403,0,0.9321984,0.2333413,1.16554,0.9826899,0,3,0,3,3,6,0.0666142,0.5565116,0,0.6231259,0.2445096,0.8676355,0,3.600975,3.498663,0.08275676,3.910233,3.652029,0.1885021,1,1.12,2.676066,0.2260584,0.6540533,3,3,5
2,24,1,1,True,High,Clear,1,3,0,4,0,4,0.6179034,0.845364,0,1.463267,0.0857557,1.549023,0.0684496,0,0,0,0,2,2,0,0,0,0,0.5081327,0.5081327,0,3.962456,3.696566,0.1248527,4.316818,3.85483,0.3244615,1,1.64,2.388681,1.679762,4.669739,1,1,1
2,29,2,2,True,High,Clear,2,0,0,2,0,2,0.4649501,0,0,0.4649501,0.3572477,0.8221978,0.0699351,1,5,0,6,0,6,0.5043201,0.3862429,0,0.890563,0.1990497,1.089613,0,4.01442,3.865313,0.1491063,3.916855,3.60774,0.3320668,1,0.78,2.276077,0.7252852,2.841156,4,3,4
2,5,2,2,False,Low,Clear,0,0,0,0,2,2,0.3892096,0.1365554,0,0.525765,0.153498,0.679263,0,2,3,0,5,1,6,0.445164,0.270422,0,0.7155859,0.250002,0.965588,0.7429951,4.357292,3.996307,0.3609848,4.111221,3.757272,0.4262941,1,0.85,2.294025,0.7030189,2.641449,3,4,5
2,11,4,1,True,Low,Clear,0,2,0,2,0,2,0.7339736,0.2229035,0,0.9568771,0.1783173,1.135194,0.0669891,3,6,0,9,0,9,0.5566432,0.262658,0,0.8193012,0.046323,0.8656242,0,3.970993,3.81856,0.2920628,3.846039,3.560041,0.3140075,1,1.07,2.530083,2.005142,5.574296,5,6,6
2,15,4,2,True,Low,Clear,2,0,0,2,0,2,0.6204168,0,0,0.6204168,0.0223511,0.6427679,0.1105974,0,6,0,6,3,9,0,0.4760623,0,0.4760623,0.4101133,0.8861756,0,4.120964,4.012342,0.1086216,3.986954,3.645249,0.3516281,1,0.55,2.310725,0.8270534,3.451539,3,6,5
2,23,4,2,False,High,Clear,0,0,0,0,2,2,0.0628992,0.7586165,0,0.8215157,0.269738,1.091254,0,0,1,0,1,0,1,0.0411544,0.1463659,0,0.1875203,0.371393,0.5589132,0,3.940811,3.78517,0.1600161,3.924522,3.575313,0.3258858,1,1.22,2.02563,0.5095214,1.718766,5,6,6
2,6,3,2,False,Low,Clear,0,0,0,0,2,2,0.1116224,0.2231752,0,0.3347976,0.512544,0.8473415,0,0,2,0,2,0,2,0.0388029,0.1854887,0,0.2242916,0.2438624,0.468154,0.5156284,3.975395,3.747025,0.3120308,4.035927,3.681852,0.4204369,1,1.11,2.031988,0.7345233,2.783326,3,6,5
2,16,1,1,False,High,Clear,0,0,0,0,2,2,0.1207325,0.0202161,0,0.1409486,0.616933,0.7578816,0,2,1,0,3,1,4,0.1951079,0.1646922,0,0.3598001,0.1817285,0.5415286,0.4677905,3.823502,3.571552,0.2580657,3.891121,3.562923,0.5953436,1,1.90,2.242519,1.450699,4.032944,2,1,1
2,13,2,2,True,Low,Clear,1,1,0,2,0,2,0.3376917,0.2655407,0,0.6032324,0.0676697,0.6709021,0.1105289,4,0,0,4,0,4,0.307015,0.0214044,0,0.3284194,0.0898957,0.4183151,0.7009526,4.25116,4.0599,0.1912594,4.068466,3.629238,0.3272274,1,0.82,1.952546,0.8058097,3.31131,3,2,3
2,17,2,1,False,High,Clear,2,0,0,2,1,3,0.0444325,0.0696232,0,0.1140557,0.4864038,0.6004595,0.222386,0,0,0,0,1,1,0.09979589,0.0190731,0,0.118869,0.2176676,0.3365366,0,3.962036,3.509074,0.0875206,4.192558,3.821267,0.3518531,1,0.97,2.134051,2.476057,6.883439,3,3,3
2,9,2,1,True,Low,Clear,0,1,0,1,1,2,0,0.2661318,0,0.2661318,0.2455808,0.5117127,0.895132,2,0,0,2,2,4,0.1812927,0.0638064,0,0.2450991,0.1932737,0.4383728,0.8740061,4.245842,3.955708,0.2901337,4.211044,3.841354,0.410501,1,0.55,2.233944,2.783165,7.737198,6,3,5
2,30,3,2,True,High,Clear,2,0,0,2,0,2,0.3545248,0.1104972,0,0.465022,0.0231871,0.4882091,0.2233583,0,0,0,0,1,1,0,0.1068781,0,0.1068781,0.1666677,0.2735458,0,4.146431,3.82269,0.3237405,4.281555,3.896708,0.6942232,1,0.78,2.121872,0.7902623,3.247422,3,6,5
2,25,2,1,True,High,Clear,0,0,0,0,2,2,0,0.0710611,0,0.0710611,0.4388598,0.509921,0,0,2,0,2,0,2,0,0.103633,0,0.103633,0.060366,0.163999,0.8401234,4.123032,3.652106,0.470926,4.178253,3.96911,0.2387447,1,0.80,2.099342,2.699269,7.503968,5,3,5
2,8,1,1,True,Low,Clear,2,2,0,4,2,6,0.7360528,0.5336466,0,1.269699,0.7241738,1.993873,0.08912219,0,0,0,0,0,0,0,0,0,0,0,0,0,3.97023,3.758013,0.1610332,3.876633,3.586972,0.3417528,1,2.01,2.204924,1.438734,3.99968,3,1,1
2,3,4,1,False,Low,Clear,0,3,0,3,2,5,0,0.7072707,0,0.7072707,0.1371108,0.8443816,1.021455,1,2,0,3,0,3,0.5420151,0.1886062,0,0.7306213,0.1816823,0.9123036,1.655985,3.978462,3.794784,0.4224405,4.182419,3.762536,0.2403231,1,1.26,2.311709,2.146006,5.965897,5,6,6
2,19,4,1,False,High,Clear,2,1,0,3,2,5,0.1761244,0.1347625,0,0.3108869,0.2213664,0.5322533,0.8101254,2,0,0,2,2,4,0.2610786,0.0608655,0,0.3219441,0.2063091,0.5282532,0.7106481,3.878777,3.638609,0.4862125,3.950745,3.569992,0.454509,1,1.34,2.235887,2.133904,5.932251,5,7,7
2,21,2,2,False,High,Clear,0,2,0,2,0,2,0,0.5838543,0,0.5838543,0.1688327,0.752687,0.1041181,1,1,0,2,0,2,0.0697726,0.1475373,0,0.2173099,0.2118295,0.4291394,0.3518679,3.884567,3.651213,0.3280706,3.890343,3.628924,0.2054176,1,1.07,2.025174,0.6516072,2.469132,4,3,5
2,31,4,2,True,High,Clear,0,0,0,0,4,4,0.0652499,0.0463363,0,0.1115862,0.3552551,0.4668413,0,2,0,0,2,0,2,0.1701897,0.1403666,0,0.3105563,0.1581566,0.4687129,0.4356962,3.956108,3.683942,0.1454773,4.000793,3.754731,0.1669044,1,0.96,1.769433,0.8326622,3.474946,5,5,5
2,22,3,2,False,High,Clear,0,0,0,0,4,4,0.0449068,0.0880588,0,0.1329656,0.6013249,0.7342905,0,0,2,0,2,0,2,0,0.2004094,0,0.2004094,0.2526933,0.4531027,0.5132974,4.04071,3.741797,0.4894364,4.011467,3.743908,0.4321632,1,1.13,1.793822,0.7434247,2.959794,2,6,5
2,10,3,1,True,Low,Clear,0,2,0,2,0,2,0,0.2665146,0,0.2665146,0.2003051,0.4668197,0.5997994,0,1,0,1,1,2,0,0.1376334,0,0.1376334,0.2272221,0.3648555,0.543171,4.06266,3.709551,0.7274189,4.174118,3.824046,0.4174986,1,1.24,1.889813,2.428898,6.752335,7,6,5
2,14,3,2,True,Low,Clear,0,2,0,2,0,2,0,0.6209644,0,0.6209644,0.0252836,0.646248,0.0666133,1,0,0,1,1,2,0.0416221,0.1108038,0,0.1524259,0.2080226,0.3604485,0.4512737,4.07341,3.895171,0.338757,4.114273,3.712258,0.420877,1,1.07,1.862733,0.7216783,2.827027,4,6,5
2,27,4,1,True,High,Clear,0,0,0,0,2,2,0.3358013,0.1147195,0,0.4505208,0.2600616,0.7105824,0,1,3,0,4,1,5,0.1482488,0.1532847,0,0.3015335,0.2703735,0.571907,0.4943782,3.992027,3.681811,0.5935669,3.896111,3.636018,0.1494901,1,1.11,2.056115,2.550243,7.089676,4,5,6
2,2,3,1,False,Low,Clear,0,2,0,2,4,6,0,0.4057881,0,0.4057881,0.3085599,0.714348,0.2443898,2,0,0,2,1,3,0.1668501,0.1379907,0,0.3048408,0.3091869,0.6140277,0.436179,4.015251,3.805468,0.3723977,4.056229,3.642332,0.3676856,1,1.31,2.053957,2.298034,6.388535,5,6,5
2,20,1,2,False,High,Clear,4,1,0,5,13,18,0.8428475,0.1348582,0,0.9777057,1.448861,2.426566,0.1117304,0,0,0,0,0,0,0,0,0,0,0,0,0,4.307968,4.052471,0.2198825,0,0,0,0,0.00,0,0,0,2,1,1
2,26,3,1,True,High,Clear,0,2,0,2,2,4,0.0231028,0.1559445,0,0.1790473,0.5317,0.7107473,0.5773546,0,1,0,1,0,1,0.1014132,0.0839024,0,0.1853156,0,0.1853156,0.845966,4.195259,4.030738,0.2801349,4.277061,3.887355,0.3418682,1,1.07,1.830868,2.59793,7.222245,5,6,5
2,4,1,2,False,Low,Clear,0,2,0,2,19,21,0.0223589,0.1564454,0,0.1788043,3.344263,3.523067,0.06764629,0,0,0,0,0,0,0,0,0,0,0,0,0,4.062233,3.772394,0.2779057,0,0,0,0,0.00,0,0,0,5,1,1
2,28,1,2,True,High,Clear,3,0,0,3,10,13,0.2667687,0.0654858,0,0.3322545,1.941116,2.273371,1.633776,0,0,0,0,0,0,0,0,0,0,0,0,0,4.267296,4.029774,0.261302,0,0,0,0,0.00,0,0,0,3,1,1
2,12,1,2,True,Low,Clear,0,0,0,0,19,19,0,0.023125,0,0.023125,2.666413,2.689538,0,0,0,0,0,0,0,0,0,0,0,0,0,0,3.939941,3.744036,0.1998711,0,0,0,0,0.00,0,0,0,5,1,1
2,1,2,1,False,Low,Clear,0,2,0,2,0,2,0,0.6871085,0,0.6871085,0.1346935,0.821802,0.1814103,0,0,0,0,0,0,0,0,0,0,0,0,0,3.877609,3.739385,0.1852214,3.966713,3.581594,0.2813966,1,1.02,2.335173,2.279861,6.338013,3,3,5
3,14,3,2,True,Low,Clear,0,0,0,0,2,2,0.0221536,0,0,0.0221536,0.2694735,0.2916271,0,0,0,0,0,0,0,0,0,0,0,0,0,0,4.299507,4.013024,0.2401099,4.301941,3.949662,0.4478831,1,1.32,2.097266,0.4345913,1.39647,4,6,6
3,5,2,2,False,Low,Clear,2,0,0,2,9,11,0,0,0,0,1.580721,1.580721,0,0,0,0,0,0,0,0,0,0,0,0,0,0,4.627838,3.764501,0.863337,0,0,0,0,0.00,0,0,0,1,7,5
3,11,4,1,True,Low,Clear,2,0,0,2,0,2,0.3785297,0.0682175,0,0.4467472,0,0.4467472,0.424684,0,0,0,0,0,0,0,0,0,0,0,0,0,4.037788,3.852587,0.2176526,4.033257,3.764131,0.3318083,1,1.31,2.046994,2.270475,6.311921,6,6,7
3,17,2,1,False,High,Clear,0,0,0,0,3,3,0,0.0414137,0,0.0414137,0.5481795,0.5895932,0,0,0,0,0,0,0,0,0,0,0,0,0,0,4.108757,3.90888,0.1641307,4.02964,3.551889,0.5456023,1,1.35,2.037071,2.229836,6.198945,6,7,7
3,25,2,1,True,High,Clear,0,0,0,0,2,2,0,0.0219657,0,0.0219657,0.3547045,0.3766702,0,0,0,0,0,0,0,0,0,0,0,0,0,0,4.189491,3.924057,0.1523175,3.922844,3.535776,0.4224253,1,1.20,2.108123,2.357022,6.552521,5,7,7
3,22,3,2,False,High,Clear,6,0,0,6,10,16,0.8694991,0.0432935,0,0.9127926,2.330237,3.24303,1.754695,0,0,0,0,0,0,0,0,0,0,0,0,0,4.098442,3.786817,0.3075609,0,0,0,0,0.00,0,0,0,2,7,5
3,7,4,2,False,Low,Clear,0,0,0,0,4,4,0,0,0,0,0.4192056,0.4192056,0,0,0,0,0,0,0,0,0,0,0,0,0,0,4.257576,3.95436,0.1684384,4.366829,4.002957,0.5176435,1,1.57,2.093068,0.20419,0.5777135,2,7,4
3,18,3,1,False,High,Clear,1,0,0,1,3,4,0.0670032,0,0,0.0670032,0.2994652,0.3664684,0.799571,0,0,0,0,0,0,0,0,0,0,0,0,0,4.212784,4.020895,0.1964426,3.930145,3.405128,0.7261224,1,1.39,2.082299,2.185037,6.074402,5,7,7
3,13,2,2,True,Low,Clear,0,0,0,0,2,2,0.0649999,0,0,0.0649999,0.4469952,0.5119951,0,0,0,0,0,0,0,0,0,0,0,0,0,0,4.102394,3.915152,0.1937969,3.853966,3.422855,0.5836935,1,0.99,2.101886,0.7210792,2.801606,6,7,7
3,19,4,1,False,High,Clear,0,0,0,0,4,4,0.0436327,0,0,0.0436327,0.4656575,0.5092902,0,0,0,0,0,0,0,0,0,0,0,0,0,0,3.795181,3.469189,0.273442,3.644676,3.212251,0.651886,1,1.62,2.07685,1.983034,5.512833,5,7,7
3,8,1,1,True,Low,Clear,0,0,0,0,8,8,0.04511,0.0232326,0,0.0683426,1.542798,1.61114,0,0,0,0,0,0,0,0,0,0,0,0,0,0,4.255852,3.931613,0.2652256,4.305817,3.607735,0.8734303,1,2.58,2.076939,0.9516876,2.645691,4,1,1
3,24,1,1,True,High,Clear,1,0,0,1,3,4,0.2923572,0.0407821,0,0.3331393,0.9032693,1.236409,0.7664751,0,0,0,0,0,0,0,0,0,0,0,0,0,4.121674,3.876601,0.1125531,4.26049,3.570002,0.8624282,1,1.66,2.099588,1.807717,5.025452,4,1,1
3,20,1,2,False,High,Clear,0,0,0,0,13,13,0.0219619,0,0,0.0219619,2.589106,2.611068,0,0,0,0,0,0,0,0,0,0,0,0,0,0,4.094055,3.760492,0.3027208,0,0,0,0,0.00,0,0,0,3,1,1
3,29,2,2,True,High,Clear,0,0,0,0,4,4,0.0671095,0,0,0.0671095,0.2406559,0.3077654,0,0,0,0,0,0,0,0,0,0,0,0,0,0,3.991058,3.855299,0.1357596,3.884346,3.36048,0.7207301,1,0.87,2.145787,0.7072386,2.770463,6,7,7
3,16,1,1,False,High,Clear,0,0,0,0,2,2,0,0,0,0,0.2228218,0.2228218,0,0,0,0,0,0,0,0,0,0,0,0,0,0,4.162804,3.7836,0.3148992,4.029922,3.450652,0.717284,1,1.72,2.258514,1.715752,4.769791,5,1,1
3,27,4,1,True,High,Clear,0,0,0,0,0,0,0,0,0,0,0.0230217,0.0230217,0,0,0,0,0,0,0,0,0,0,0,0,0,0,4.20388,3.782679,0.3340099,3.883499,3.29079,0.6700962,1,0.97,2.258419,2.465628,6.854447,5,7,6
3,4,1,2,False,Low,Clear,6,0,0,6,10,16,0.6237823,0.0219833,0,0.6457657,1.738872,2.384638,2.010947,0,0,0,0,0,0,0,0,0,0,0,0,0,4.146378,3.964644,0.1495941,0,0,0,0,0.00,0,0,0,2,1,1
3,15,4,2,True,Low,Clear,1,0,0,1,1,2,0.5099837,0,0,0.5099837,0.08871251,0.5986962,0.2272464,0,0,0,0,0,0,0,0,0,0,0,0,0,4.237869,3.612481,0.718071,4.015556,3.520476,0.6512749,1,1.03,2.130188,0.6564054,2.466309,4,7,7
3,0,1,1,False,Low,Clear,2,0,0,2,2,4,0.6452565,0.0206167,0,0.6658732,0.4221091,1.087982,0.1105229,0,0,0,0,0,0,0,0,0,0,0,0,0,4.245934,3.96288,0.2062826,4.105247,3.422163,0.8289242,1,1.48,2.135873,2.039283,5.669205,3,1,1
3,1,2,1,False,Low,Clear,0,0,0,0,2,2,0,0,0,0,0.3346465,0.3346465,0,0,0,0,0,0,0,0,0,0,0,0,0,0,3.987419,3.642551,0.2768857,3.896744,3.215585,0.8278954,1,1.54,2.242715,1.865996,5.18747,7,7,7
3,26,3,1,True,High,Clear,0,0,0,0,2,2,0,0,0,0,0.1814372,0.1814372,0,0,0,0,0,0,0,0,0,0,0,0,0,0,3.55072,3.365691,0.1194928,3.571297,2.987527,0.7435644,1,1.06,2.25866,2.365102,6.574982,5,6,6
3,12,1,2,True,Low,Clear,4,0,0,4,18,22,0.8240096,0,0,0.8240096,2.084943,2.908952,1.478682,0,0,0,0,0,0,0,0,0,0,0,0,0,4.106224,3.905024,0.1650701,0,0,0,0,0.00,0,0,0,2,1,1
3,28,1,2,True,High,Clear,0,1,0,1,14,15,0.022197,0.1340299,0,0.1562269,1.482738,1.638965,1.132396,0,0,0,0,0,0,0,0,0,0,0,0,0,4.012512,3.474224,0.4939578,0,0,0,0,0.00,0,0,0,2,1,1
3,9,2,1,True,Low,Clear,1,1,0,2,2,4,0.2887924,0.1107582,0,0.3995506,0.0881983,0.4877489,0.3308357,0,0,0,0,0,0,0,0,0,0,0,0,0,3.765335,3.506635,0.1211238,3.673584,3.124214,0.6666567,1,1.17,2.148225,2.334568,6.490098,5,7,7
3,10,3,1,True,Low,Clear,4,0,0,4,0,4,0.5086318,0.0688504,0,0.5774822,0.0434714,0.6209536,0.4897864,0,0,0,0,0,0,0,0,0,0,0,0,0,3.65667,3.514363,0.2078371,3.489365,3.029817,0.489352,1,1.53,2.069503,2.020884,5.618058,5,7,7
3,23,4,2,False,High,Clear,0,0,0,0,2,2,0,0,0,0,0.1961843,0.1961843,0,0,0,0,0,0,0,0,0,0,0,0,0,0,3.410782,3.174858,0.08646297,3.432037,3.007062,0.5043614,1,1.20,2.351605,0.4145975,1.372025,6,7,7
3,30,3,2,True,High,Clear,0,0,0,0,2,2,0.0210803,0.0468119,0,0.0678922,0.4453462,0.5132384,0,0,0,0,0,0,0,0,0,0,0,0,0,0,3.919006,3.781914,0.1370921,3.773079,3.226054,0.5631845,1,0.51,2.25483,0.9058988,3.983506,6,7,6
3,3,4,1,False,Low,Clear,0,0,0,0,4,4,0.0457553,0.0214838,0,0.0672391,0.5552636,0.6225027,0,0,0,0,0,0,0,0,0,0,0,0,0,0,4.010651,3.758827,0.2373543,3.833351,3.210296,0.7891877,1,1.22,2.333886,2.147598,5.970322,5,7,7
3,2,3,1,False,Low,Clear,0,0,0,0,2,2,0,0,0,0,0.1538045,0.1538045,0,0,0,0,0,0,0,0,0,0,0,0,0,0,3.94857,3.642306,0.3833516,3.812485,3.245089,0.6787319,1,1.39,2.264741,2.014336,5.599854,6,7,7
3,21,2,2,False,High,Clear,0,0,0,0,2,2,0,0.0439143,0,0.0439143,0.2633285,0.3072428,0,0,0,0,0,0,0,0,0,0,0,0,0,0,3.832611,3.484328,0.320626,3.708954,3.127304,0.7276776,1,1.31,2.174651,0.379705,1.232255,5,7,7
3,31,4,2,True,High,Clear,0,0,0,0,2,2,0.0433403,0.0251891,0,0.0685294,0.5978234,0.6663527,0,0,0,0,0,0,0,0,0,0,0,0,0,0,3.59536,3.375165,0.235672,3.298393,2.939664,0.3996236,1,1.16,2.226667,0.506205,1.739975,6,7,7
4,18,3,1,False,High,Clear,0,0,0,0,0,0,0,0,0,0,0.0221552,0.0221552,0,0,0,0,0,2,2,0,0,0,0,0.3752742,0.3752742,0,4.190331,3.945897,0.2444339,4.089371,3.751704,0.3312244,1,0.77,3.014068,1.957796,5.442673,7,7,7
4,26,3,1,True,High,Clear,0,0,0,0,4,4,0,0,0,0,0.4950872,0.4950872,0,0,0,0,0,1,1,0,0,0,0,0.0461909,0.0461909,0,4.055313,3.795527,0.2597866,4.009163,3.757568,0.247288,1,0.78,2.631302,2.323074,6.458146,6,7,7
4,23,4,2,False,High,Clear,0,0,0,0,0,0,0,0,0,0,0,0,0,0,0,0,0,11,11,0,0,0,0,0,0,0,4.077164,3.938852,0.1383119,4.633553,4.038215,0.5543871,1,0.85,2.48756,0.6263397,2.253129,4,6,7
4,3,4,1,False,Low,Clear,0,0,0,0,0,0,0,0,0,0,0,0,0,0,0,0,0,16,16,0,0,0,0,1.717857,1.717857,0,4.659882,4.176017,0.5101547,4.27282,3.871456,0.4899006,1,0.94,3.173393,1.665272,4.629456,6,6,7
4,1,2,1,False,Low,Clear,0,0,0,0,2,2,0,0,0,0,0.2690152,0.2690152,0,0,0,0,0,11,11,0.0437916,0,0,0.0437916,2.197698,2.24149,0,4.440414,4.296529,0.1438856,4.358253,4.034019,0.3802361,1,0.82,3.422897,1.527948,4.247696,6,4,5
4,16,1,1,False,High,Clear,0,0,0,0,2,2,0,0,0,0,0.3072587,0.3072587,0,0,0,0,0,14,14,0,0,0,0,1.492865,1.492865,0,4.142899,3.726797,0.23329,4.542732,4.213072,0.3201442,1,2.28,3.300943,0.2903673,0.807221,3,1,1
4,24,1,1,True,High,Clear,0,0,0,0,2,2,0,0,0,0,0.1551952,0.1551952,0,0,0,0,0,15,15,0,0,0,0,1.445148,1.445148,0,0,0,0,4.743347,4.332136,0.4241538,1,-5.02,2.565275,0.6838958,1.90123,3,0,0
4,29,2,2,True,High,Clear,0,0,0,0,0,0,0,0,0,0,0.0361316,0.0361316,0,0,1,0,1,15,16,0,0.0640336,0,0.0640336,1.939624,2.003657,0.1343073,3.838112,3.784017,0.05409503,4.263214,4.010625,0.2792702,1,-5.02,2.641328,1.036151,4.854676,5,6,6
4,14,3,2,True,Low,Clear,0,0,0,0,0,0,0,0,0,0,0,0,0,0,2,0,2,10,12,0,0.1107363,0,0.1107363,2.087403,2.198139,2.756361,0,0,0,4.643806,4.302567,0.3138599,1,-0.10,3.889547,0.4065723,1.254395,5,5,6
4,30,3,2,True,High,Clear,0,0,0,0,0,0,0,0,0,0,0,0,0,0,0,0,0,6,6,0,0,0,0,0.9706573,0.9706573,0,4.314461,4.273306,0.04115486,4.547897,4.344609,0.2018294,1,0.11,3.330025,0.5513327,1.912735,5,5,5
4,16,1,1,False,High,Clear,0,0,0,0,4,4,0,0,0,0,0.8226694,0.8226694,0,0,0,0,0,14,14,0,0,0,0,1.422457,1.422457,0,4.44072,4.134459,0.08811951,4.50428,4.268615,0.2838273,1,1.07,3.740574,1.070196,2.975144,7,1,1
4,24,1,1,True,High,Clear,0,0,0,0,0,0,0,0,0,0,0,0,0,0,0,0,0,7,7,0,0,0,0,1.206155,1.206155,0,0,0,0,4.616165,4.197371,0.4318566,1,-0.48,3.020806,3.18541,8.855439,7,1,1
4,20,1,2,False,High,Clear,0,0,0,0,4,4,0,0,0,0,0.3050843,0.3050843,0,0,0,0,0,5,5,0,0,0,0,0.8931038,0.8931038,0,4.217438,3.780031,0.3168428,4.432037,3.906881,0.6971829,0,2.77,2.632929,0,0,2,1,1
4,27,4,1,True,High,Clear,0,1,0,1,0,1,0,0.0908794,0,0.0908794,0.08789659,0.178776,2.354997,0,0,0,0,12,12,0,0,0,0,1.487676,1.487676,0,3.952408,3.784328,0.1680801,4.269196,3.934721,0.4279234,1,0.11,2.897117,2.768603,7.696717,7,6,6
4,5,2,2,False,Low,Clear,0,0,0,0,0,0,0,0,0,0,0,0,0,0,0,0,0,0,0,0,0,0,0,0,0,0,0,0,0,4.299652,3.857531,0.4690201,-1,-5.02,2.086552,0,0,1,1,1
4,21,2,2,False,High,Clear,0,0,0,0,0,0,0,0,0,0,0,0,0,0,0,0,0,9,9,0,0,0,0,2.069424,2.069424,0,3.995338,3.977801,0.01753712,4.083824,3.77934,0.3401361,1,0.14,3.135692,0.5545652,2.012681,3,3,5
4,5,2,2,False,Low,Clear,0,0,0,0,2,2,0,0,0,0,0.6834584,0.6834584,0,0,0,0,0,23,23,0,0,0,0,3.086912,3.086912,0,3.883308,3.739003,0.1443057,4.094215,3.867713,0.267267,1,0.72,3.371405,0.1131622,0.314591,2,3,4
4,0,1,1,False,Low,Clear,0,0,0,0,4,4,0,0,0,0,0.4910644,0.4910644,0,0,0,0,0,19,19,0,0,0,0,0,0,0,4.252716,4.055956,0.1196275,4.581062,4.309389,0.2253394,1,1.89,3.205343,0.7241999,2.013276,5,1,1
4,25,2,1,True,High,Clear,0,0,0,0,2,2,0,0,0,0,0.1762785,0.1762785,0,0,0,0,0,8,8,0,0,0,0,1.9079,1.9079,0,3.897484,3.428058,0.4694259,4.263107,3.85604,0.3517625,1,0.20,3.776538,1.709473,4.752335,6,5,5
4,10,3,1,True,Low,Clear,0,0,0,0,0,0,0,0,0,0,0,0,0,0,0,0,0,17,17,0,0,0,0,1.644135,1.644135,0,4.158928,4.076383,0.0825448,4.171196,3.882051,0.3575296,1,0.13,3.165287,2.486991,6.913834,7,6,6
4,15,4,2,True,Low,Clear,0,0,0,0,14,14,0,0,0,0,2.053768,2.053768,0,0,0,0,0,0,0,0,0,0,0,0,0,0,4.027649,3.778742,0.2715027,4.145119,4.028972,0.1161466,0,4.98,0.4231146,0,0,2,5,6
4,19,4,1,False,High,Clear,0,0,0,0,4,4,0,0,0,0,0.8906981,0.8906981,0,0,0,0,0,13,13,0,0.0208332,0,0.0208332,1.963883,1.984716,0,3.98259,3.880336,0.1022539,4.140228,3.854342,0.2979641,1,0.91,2.962033,1.906866,5.301087,6,7,7
4,6,3,2,False,Low,Clear,0,0,0,0,6,6,0,0,0,0,0.6580926,0.6580926,0,0,0,0,0,9,9,0,0,0,0,0,0,0,3.918465,3.786098,0.0530138,4.300949,3.934414,0.3365104,-1,1.06,2.478386,0,0,1,5,4
4,12,1,2,True,Low,Clear,0,0,0,0,0,0,0,0,0,0,0,0,0,0,0,0,0,6,6,0,0,0,0,0.6289626,0.6289626,0,0,0,0,4.523384,4.102211,0.3363323,1,-0.26,2.898953,1.022594,4.660264,4,1,1
4,12,1,2,True,Low,Clear,0,0,0,0,7,7,0,0,0,0,0.8294144,0.8294144,0,0,0,0,0,0,0,0,0,0,0,0,0,0,4.236679,3.855778,0.1824489,4.190811,4.072227,0.1185846,0,4.76,0.6198684,0,0,2,1,1
4,28,1,2,True,High,Clear,0,0,0,0,14,14,0,0,0,0,1.602849,1.602849,0,0,0,0,0,0,0,0,0,0,0,0,0,0,4.280876,3.992424,0.2936804,4.160713,4.145977,0.01473618,0,5.19,0.1999074,0,0,3,1,1
4,7,4,2,False,Low,Clear,0,0,0,0,0,0,0,0,0,0,0,0,0,0,0,0,0,15,15,0,0,0,0,2.514353,2.514353,0,0,0,0,4.311714,4.046593,0.2619896,1,-0.12,3.446229,0.5412164,1.964234,3,5,5
4,2,3,1,False,Low,Clear,0,0,0,0,2,2,0,0,0,0,0.1558892,0.1558892,0,0,0,0,0,18,18,0,0.0200635,0,0.0200635,2.503598,2.523662,0,3.993248,3.571403,0.08256912,4.032852,3.758618,0.2638774,1,1.11,3.716641,1.473187,4.095459,5,6,7
4,8,1,1,True,Low,Clear,0,0,0,0,0,0,0,0,0,0,0,0,0,0,0,0,0,0,0,0,0,0,0,0,0,0,0,0,0,4.516861,4.133077,0.5401175,-1,-2.88,2.353417,0,0,2,1,1
4,9,2,1,True,Low,Clear,0,0,0,0,0,0,0,0,0,0,0.0469861,0.0469861,0,0,0,0,0,11,11,0,0,0,0,2.557577,2.557577,0,0,0,0,4.35614,4.035727,0.3213539,1,-5.02,3.682414,1.400686,3.893906,6,6,5
4,13,2,2,True,Low,Clear,0,0,0,0,0,0,0,0,0,0,0,0,0,0,0,0,0,10,10,0,0,0,0,1.562256,1.562256,0,4.277039,4.136176,0.1408625,4.326675,4.06585,0.2239451,1,0.74,2.649886,0.5770046,2.038727,4,5,5
4,11,4,1,True,Low,Clear,0,0,0,0,0,0,0,0,0,0,0,0,0,0,0,0,0,3,3,0,0,0,0,0.2622005,0.2622005,0,0,0,0,4.625496,4.17219,0.6390655,1,-0.32,2.800925,3.292095,9.152024,7,6,7
4,22,3,2,False,High,Clear,0,0,0,0,5,5,0,0,0,0,0.4268762,0.4268762,0,0,0,0,0,13,13,0,0,0,0,1.864251,1.864251,0,4.04483,3.840139,0.1860123,4.25219,4.04341,0.1588001,1,0.91,2.408024,0.4722169,1.592927,3,4,4
4,31,4,2,True,High,Clear,0,0,0,0,0,0,0,0,0,0,0,0,0,0,0,0,0,9,9,0,0,0,0,1.025194,1.025194,0,0,0,0,4.367645,4.080158,0.4316194,1,-0.14,2.365146,1.176182,5.962418,4,4,5
4,4,1,2,False,Low,Clear,0,0,0,0,4,4,0,0,0,0,0.4847672,0.4847672,0,0,0,0,0,0,0,0,0,0,0,0,0,0,4.462189,3.935153,0.2695522,0,0,0,0,0.00,0,0,0,4,1,1
4,17,2,1,False,High,Clear,0,0,0,0,0,0,0,0,0,0,0,0,0,0,0,0,0,6,6,0,0,0,0,2.024011,2.024011,0,0,0,0,4.326286,3.864853,0.6079481,1,-0.44,3.646992,2.940973,8.175904,6,5,6
5,0,3,1,False,Low,Clear,1,2,0,3,0,3,0.5742591,0.7161022,0,1.290361,0.1311564,1.421518,0.1113899,5,0,0,5,2,7,0.650745,0.3540898,0,1.004835,0.1877713,1.192606,0,4.002991,3.864315,0.08911538,4.740257,4.142083,0.5161672,1,1.35,3.311715,0.796487,2.214234,4,5,5
5,28,1,2,True,High,Clear,0,0,0,0,2,2,0.0223308,0,0,0.0223308,0.244559,0.2668898,0,0,0,0,0,0,0,0,0,0,0,0,0,0,0,0,0,0,0,0,0,0.00,0,0,0,1,0,0
5,23,4,2,False,High,Clear,2,0,0,2,8,10,0.6227992,0,0,0.6227992,1.510983,2.133782,0,0,0,0,0,0,0,0,0,0,0,0,0,0,0,0,0,0,0,0,0,0.00,0,0,0,1,5,3
5,0,1,1,False,Low,Clear,0,0,0,0,2,2,0,0,0,0,0.3541154,0.3541154,0,0,0,0,0,0,0,0,0,0,0,0,0,0,4.718246,4.022964,0.3144865,0,0,0,0,0.00,0,0,0,2,0,0
5,25,2,1,True,High,Clear,0,2,0,2,0,2,0,0.2225219,0,0.2225219,0,0.2225219,0.0892164,2,1,0,3,2,5,0.2956992,0.3560826,0,0.6517818,0.5721349,1.223917,0,3.770058,3.671975,0.0980823,4.368332,3.863487,0.4559748,1,0.13,3.582299,1.971825,5.481675,3,2,3
5,26,3,1,True,High,Clear,2,0,0,2,2,4,0.2199352,0.1571282,0,0.3770634,0.4440656,0.821129,0.0888023,0,3,0,3,2,5,0.0415845,0.8703093,0,0.9118938,0.294207,1.206101,0.843766,3.819786,3.617393,0,4.345604,3.79584,0.6594334,1,0.91,3.912936,1.308139,3.636628,4,5,4
5,20,1,2,False,High,Clear,0,2,0,2,8,10,0.5892774,0.5089203,0,1.098198,1.766441,2.864639,0.1555555,0,0,0,0,0,0,0,0,0,0,0,0,0,4.343468,3.67431,0.6123536,0,0,0,0,0.00,0,0,0,2,1,1
5,13,2,2,True,Low,Clear,0,0,0,0,5,5,0.0910315,0,0,0.0910315,0.8542888,0.9453203,0,0,0,0,0,0,0,0,0,0,0,0,0,0,4.102386,3.742476,0.4845486,3.725845,3.694588,0.03125763,0,-5.02,0.020898,0,0,1,3,1
5,7,4,2,False,Low,Clear,0,0,0,0,2,2,0,0,0,0,0,0,0,0,0,0,0,0,0,0,0,0,0,0,0,0,0,0,0,4.23468,3.973647,0.2610333,0,-5.02,0.2879025,0,0,3,5,5
5,4,1,2,False,Low,Clear,2,2,0,4,19,23,0.9325394,0.155473,0,1.088012,2.830789,3.918801,0.06715,0,0,0,0,0,0,0,0,0,0,0,0,0,3.955559,3.650403,0.2563353,0,0,0,0,0.00,0,0,0,3,1,1
5,10,3,1,True,Low,Clear,0,0,0,0,0,0,0,0,0,0,0,0,0,0,0,0,0,0,0,0,0,0,0,0,0,0,0,0,0,4.691948,4.284628,0.3150983,-1,-3.02,2.442441,0,0,1,1,1
5,7,4,2,False,Low,Clear,1,0,0,1,1,2,0.1902146,0.2405424,0,0.430757,0.4681539,0.8989109,1.403814,0,3,0,3,4,7,0.0658819,0.3748725,0,0.4407544,0.3789428,0.8196973,1.133714,3.83638,3.682869,0.1535113,4.830368,4.156518,0.6194544,1,0.81,2.782048,0.3407951,1.051453,3,6,5
5,24,1,1,True,High,Clear,3,0,0,3,0,3,0.5090131,0.1575066,0,0.6665197,0.1342689,0.8007886,0.8444059,0,1,0,1,4,5,0,0.3098825,0,0.3098825,0.9260468,1.235929,1.1322,4.149536,3.75057,0.3386922,4.62207,4.135856,0.4420924,1,1.49,3.110249,0.9884568,2.74791,4,1,1
5,3,4,1,False,Low,Clear,0,4,0,4,0,4,0.2850061,0.6208291,0,0.9058352,0.4493764,1.355212,0.109164,2,0,0,2,0,2,0.6825082,0.0746691,0,0.7571773,0.0419823,0.7991596,0.9019762,3.74221,3.51384,0.05913401,4.411942,3.860058,0.5594065,1,1.34,2.860849,1.518414,4.221192,5,6,6
5,29,2,2,True,High,Clear,7,0,0,7,11,18,1.489968,0.0205818,0,1.51055,2.395707,3.906257,1.36285,0,0,0,0,0,0,0,0,0,0,0,0,0,4.081978,3.741085,0.3619533,0,0,0,0,0.00,0,0,0,2,4,3
5,8,1,1,True,Low,Clear,0,0,0,0,0,0,0,0.0232349,0,0.0232349,0.0218482,0.0450831,0,4,1,0,5,10,15,0.3717202,0.4692206,0,0.8409408,1.581023,2.421964,0,3.799599,3.636944,0.1626549,4.261757,3.774487,0.4804041,1,0.49,4.120231,1.014056,2.819077,4,1,1
5,19,4,1,False,High,Clear,0,2,0,2,0,2,0,0.8244246,0,0.8244246,0.1754498,0.9998744,0.1100077,0,1,0,1,4,5,0.1332048,0.1547589,0,0.2879637,0.3177364,0.6057001,0.2015582,3.51403,3.350652,0.03668213,3.977448,3.560928,0.4992845,1,1.00,2.834687,1.79787,4.998078,6,7,6
5,15,4,2,True,Low,Clear,0,0,0,0,2,2,0.1978118,0.0893965,0,0.2872083,0.3795324,0.6667407,0,0,2,0,2,1,3,0.2315583,0.2382656,0,0.4698239,0.2226283,0.6924522,1.342385,3.647385,3.471023,0.1763618,4.432358,3.929508,0.386168,1,0.58,3.120194,0.4160384,1.416733,3,6,5
5,17,2,1,False,High,Clear,0,0,0,0,3,3,0,0,0,0,0.5650848,0.5650848,0,2,0,0,2,6,8,0.2671818,0.025287,0,0.2924688,0.5018756,0.7943444,1.053706,4.117706,3.637909,0.4797969,4.264015,3.815531,0.5123351,1,0.75,3.330346,1.641807,4.564225,4,4,5
5,6,3,2,False,Low,Clear,0,0,0,0,0,0,0,0,0,0,0.1904238,0.1904238,0,0,0,0,0,0,0,0,0,0,0,0,0,0,4.004456,3.516717,0.1915274,0,0,0,0,0.00,0,0,0,3,4,2
5,16,1,1,False,High,Clear,0,4,0,4,4,8,0.0448121,0.667572,0,0.7123841,0.7758446,1.488229,1.112802,0,3,0,3,7,10,0,0.6652678,0,0.6652678,1.521302,2.18657,0,3.619682,3.400809,0.1733246,4.300461,3.727274,0.4922974,1,1.60,4.305787,0.4816235,1.338913,2,1,1
5,18,3,1,False,High,Clear,0,0,0,0,2,2,0.4854589,0.0867297,0,0.5721886,0.8525488,1.424737,0,5,0,0,5,5,10,0.7506413,0.0463029,0,0.7969443,0.3857217,1.182666,1.0637,3.587425,3.369751,0.1903143,4.105682,3.776231,0.3139608,1,1.40,3.019692,1.234628,3.432267,4,4,4
5,21,2,2,False,High,Clear,2,0,0,2,1,3,0.4677408,0,0,0.4677408,1.20958,1.677321,0,0,0,0,0,0,0,0,0,0,0,0,0,0,0,0,0,0,0,0,0,-5.02,0,0,0,3,1,1
5,14,3,2,True,Low,Clear,4,0,0,4,0,4,0.5972854,0.0437469,0,0.6410323,0.0915343,0.7325666,0.4225399,1,0,0,1,2,3,0.0437391,0,0,0.0437391,0.4237153,0.4674544,1.919901,3.769424,3.584747,0.2057774,4.231651,3.720751,0.5617371,1,0.98,2.388437,0.3944563,1.368485,2,5,3
5,31,4,2,True,High,Clear,8,0,0,8,8,16,0.8625508,0.0472295,0,0.9097803,1.464957,2.374738,0.4000952,0,0,0,0,0,0,0,0,0,0,0,0,0,3.749397,3.407323,0.3966765,0,0,0,0,0.00,0,0,0,2,5,3
5,30,3,2,True,High,Clear,0,0,0,0,6,6,0,0,0,0,1.066996,1.066996,0,0,0,0,0,1,1,0,0,0,0,0.0889741,0.0889741,0,0,0,0,3.844444,3.628793,0.2156518,0,-5.02,0.9353237,0,0,2,4,3
5,1,2,1,False,Low,Clear,2,2,0,4,0,4,0.1344003,0.3096401,0,0.4440404,0.687837,1.131877,0.2461582,2,2,0,4,4,8,0.2199433,0.6485984,0,0.8685417,0.5528411,1.421383,0.2224247,3.759926,3.471468,0.1957037,4.283638,3.720199,0.5659466,1,1.22,3.351501,1.194385,3.320389,4,3,4
5,22,3,2,False,High,Clear,4,0,0,4,10,14,1.498502,0.0156424,0,1.514144,2.487242,4.001387,0.2894681,0,0,0,0,1,1,0,0,0,0,0.3098987,0.3098987,0,3.687973,3.295199,0.3699143,3.585144,3.321409,0.2637346,0,4.86,0.5299728,0,0,2,3,1
5,27,4,1,True,High,Clear,1,0,0,1,1,2,0.4686567,0.0220509,0,0.4907076,0.3979764,0.888684,1.533309,1,3,0,4,3,7,0.2651615,1.13703,0,1.402192,0.289057,1.691249,0.3114458,3.775627,3.522959,0.3241355,3.923203,3.573987,0.2438459,1,1.15,3.409156,1.26721,3.522843,4,5,4
5,11,4,1,True,Low,Clear,2,0,0,2,4,6,0.3822085,0.0467573,0,0.4289658,1.090573,1.519539,0.08490381,1,2,0,3,1,4,0.2462074,0.6449005,0,0.8911079,0.1309201,1.022028,0.4655518,3.726479,3.215088,0.4286592,4.208282,3.78683,0.3717077,1,2.35,2.703312,0.6338217,1.762024,4,6,5
5,9,2,1,True,Low,Clear,0,0,0,0,4,4,0,0,0,0,0.7597556,0.7597556,0,3,0,0,3,7,10,0.347146,0.2043239,0,0.5514699,0.7661963,1.317666,1.199777,3.736809,3.479853,0.2569561,4.355522,3.568288,0.8454974,1,0.87,3.620096,1.112135,3.091736,4,3,4
5,12,1,2,True,Low,Clear,0,0,0,0,16,16,0.0876772,0.0416459,0,0.1293231,2.775997,2.90532,0,0,0,0,0,0,0,0,0,0,0,0,0,0,4.085861,3.44834,0.6612191,0,0,0,0,0.00,0,0,0,2,1,1
5,5,2,2,False,Low,Clear,0,0,0,0,13,13,0,0,0,0,1.26693,1.26693,0,0,0,0,0,0,0,0,0,0,0,0,0,0,3.876984,3.459365,0.417619,3.662491,3.49955,0.162941,0,-5.02,0.2121408,0,0,2,2,1
5,2,3,1,False,Low,Clear,4,0,0,4,0,4,0.8727227,0.2664165,0,1.139139,0.3865611,1.5257,0.5215275,6,0,0,6,2,8,0.6898417,0,0,0.6898417,0.2639627,0.9538044,0.9116068,4.10363,3.656307,0.4075568,4.338387,3.796,0.5177233,1,1.78,3.230624,0.6972774,1.938431,3,5,4
6,5,2,2,False,Low,Clear,0,2,0,2,2,4,0.0222852,0.1023951,0,0.1246803,0.4606631,0.5853434,0.1184363,0,4,0,4,0,4,0.1018215,0.2555785,0,0.3574,0.0620512,0.4194512,0.3172823,3.766647,3.450421,0.3162267,3.679207,3.160487,0.6453626,1,0.91,2.227627,0.6764227,2.54152,4,6,6
6,3,4,1,False,Low,Clear,0,0,0,0,4,4,0,0,0,0,0.6445317,0.6445317,0,0,0,0,0,0,0,0,0,0,0,0.260911,0.260911,0,3.581551,3.313019,0.1892171,3.738434,3.209821,0.6189735,1,1.16,2.544822,2.21612,6.160813,7,7,6
6,26,3,1,True,High,Clear,0,0,0,0,1,1,0,0,0,0,0.1760129,0.1760129,0,0,0,0,0,3,3,0.0853136,0.1322189,0,0.2175325,0.2389986,0.4565311,0,3.60183,3.326914,0.2749157,3.819214,3.479832,0.4959185,1,0.22,2.065311,3.401722,9.456788,6,7,6
6,16,1,1,False,High,Clear,0,0,0,0,2,2,0.0220696,0,0,0.0220696,0.1589026,0.1809722,0,0,0,0,0,7,7,0.020667,0.5334901,0,0.5541571,0.5389129,1.09307,0,3.206566,3.094678,0.1118882,3.792542,3.429768,0.3040648,1,0.27,2.455398,3.078796,8.559052,5,1,1
6,7,4,2,False,Low,Clear,0,0,0,0,1,1,0,0,0,0,0.1763577,0.1763577,0,0,0,0,0,7,7,0.0448372,0.0444261,0,0.0892633,1.168347,1.25761,0,3.815163,3.537781,0.1515024,4.140083,3.607158,0.6117246,1,1.31,2.180814,0.4909888,1.703385,5,6,6
6,31,4,2,True,High,Clear,1,1,0,2,0,2,0.1229564,0.0398731,0,0.1628295,0.0398841,0.2027136,0.2543343,0,2,0,2,1,3,0.08126161,0.1095325,0,0.1907941,0.2416444,0.4324385,0,3.587791,3.241517,0.3462749,3.721375,3.336508,0.4119351,1,0.24,2.019815,1.203395,6.177384,6,6,6
6,30,3,2,True,High,Clear,0,0,0,0,1,1,0.0226946,0.0218525,0,0.0445471,0.110367,0.1549141,0,0,1,0,1,1,2,0.0258044,0.0670594,0,0.0928638,0.1984004,0.2912642,0.7545817,3.758453,3.45367,0.3047838,3.959297,3.463742,0.5348985,1,0.27,1.930055,1.250171,6.497513,6,7,6
6,8,1,1,True,Low,Clear,0,0,0,0,0,0,0,0,0,0,0,0,0,0,0,0,0,0,0,0,0,0,0,0,0,0,0,0,0,4.048721,3.752376,0.2953072,1,-5.02,2.011931,8.100248,67.50179,4,1,1
6,23,4,2,False,High,Clear,2,0,0,2,0,2,0.2865166,0,0,0.2865166,0.2696922,0.5562088,0.0869856,0,2,0,2,5,7,0.0219246,0.1542042,0,0.1761288,0.5834671,0.7595959,0.7561182,3.982857,3.601059,0.5290146,3.959946,3.598309,0.424825,1,0.93,1.898156,0.775735,3.138077,5,7,6
6,22,3,2,False,High,Clear,0,0,0,0,2,2,0,0,0,0,0.133323,0.133323,0,0,0,0,0,3,3,0.0192075,0.0199386,0,0.0391461,0.3184801,0.3576262,0,3.588608,3.425522,0.1630857,3.94825,3.511939,0.5868342,1,0.42,1.961092,1.1575,5.756592,6,5,6
6,17,2,1,False,High,Clear,0,0,0,0,2,2,0,0.3321163,0,0.3321163,0.2231111,0.5552274,0,2,0,0,2,0,2,0.1323114,0.0666525,0,0.1989639,0.0892755,0.2882394,0.7569727,3.85836,3.63729,0.2210698,4.316399,3.5597,0.7872341,1,0.84,2.23718,2.617547,7.27678,5,4,6
6,13,2,2,True,Low,Clear,0,0,0,0,2,2,0.0467013,0,0,0.0467013,0.1675923,0.2142936,0,0,0,0,0,4,4,0.066506,0,0,0.066506,0.2434953,0.3100013,0,3.708588,3.434619,0.2739687,4.335907,3.543238,0.9516897,1,0.15,2.039895,1.225404,6.329575,5,4,5
6,1,2,1,False,Low,Clear,0,0,0,0,2,2,0.0424397,0,0,0.0424397,0.3126894,0.3551291,0,0,3,0,3,0,3,0,0.1754224,0,0.1754224,0.0812142,0.2566366,1.767457,3.724319,3.549173,0.1751461,4.020874,3.606782,0.4343348,1,0.76,2.276136,2.507222,6.970078,5,4,5
6,29,2,2,True,High,Clear,0,0,0,0,2,2,0,0,0,0,0.1342482,0.1342482,0,0,0,0,0,0,0,0,0,0,0,0.0220602,0.0220602,0,3.753242,3.61046,0.1427822,4.016747,3.248435,0.9263771,1,0.23,2.063982,1.225095,6.249573,5,4,5
6,20,1,2,False,High,Clear,3,0,0,3,6,9,0.488254,0.0649295,0,0.5531835,1.899119,2.452302,0,0,0,0,0,0,0,0,0,0,0,0,0,0,3.866699,3.418432,0.6283255,0,0,0,0,0.00,0,0,0,3,0,0
6,4,1,2,False,Low,Clear,0,0,0,0,0,0,0,0,0,0,0,0,0,0,0,0,0,0,0,0,0,0,0,0,0,0,0,0,0,4.175659,3.80276,0.4604919,1,-2.52,2.4902,3.133412,26.11166,4,1,1
6,28,1,2,True,High,Clear,0,0,0,0,0,0,0,0,0,0,0,0,0,0,1,0,1,4,5,0,0.0661188,0,0.0661188,0.8474029,0.9135216,1.211964,3.908981,3.794375,0.1146061,4.044342,3.717754,0.2134502,1,0.04,2.331136,1.133483,5.637146,5,1,1
6,14,3,2,True,Low,Clear,0,0,0,0,0,0,0,0,0,0,0,0,0,0,0,0,0,0,0,0,0,0,0,0,0,0,0,0,0,3.852684,3.492751,0.4877579,1,-5.02,1.865119,10.69931,89.16054,4,1,1
6,11,4,1,True,Low,Clear,0,0,0,0,0,0,0,0,0,0,0,0,0,0,2,0,2,1,3,0.0417648,0.1962474,0,0.2380122,0.1077576,0.3457698,1.623153,4.209526,4.015703,0.1938233,4.286224,3.774874,0.5589762,1,0.20,2.008955,3.320093,9.229859,4,6,6
6,19,4,1,False,High,Clear,0,0,0,0,0,0,0,0,0,0,0,0,0,0,0,0,0,1,1,0.068239,0,0,0.068239,0.1084975,0.1767365,0,3.826752,3.68389,0.1428616,4.18396,3.463032,0.8716393,1,0.15,2.038934,3.346977,9.304597,5,6,6
6,18,3,1,False,High,Clear,0,0,0,0,0,0,0,0,0,0,0.0223073,0.0223073,0,0,0,0,0,5,5,0.0216351,0,0,0.0216351,0.1653705,0.1870056,0,3.846474,3.605815,0.2080078,4.150528,3.567209,0.8151081,1,0.98,1.969061,2.678955,7.447495,5,6,5
6,27,4,1,True,High,Clear,0,0,0,0,0,0,0,0,0,0,0,0,0,0,0,0,0,2,2,0,0,0,0,0.2718457,0.2718457,0,3.790169,3.674108,0.116061,3.94677,3.625851,0.362915,1,0.02,2.078823,3.548404,9.864564,5,6,6
6,10,3,1,True,Low,Clear,2,0,0,2,0,2,0.1552407,0,0,0.1552407,0.15539,0.3106307,0.1996293,0,0,0,0,1,1,0,0,0,0,0.2004902,0.2004902,0,4.088181,3.994447,0.09373331,4.104385,3.493569,0.8711562,1,0.33,2.071587,3.228442,8.975068,5,6,5
6,25,2,1,True,High,Clear,0,0,0,0,0,0,0,0,0,0,0,0,0,4,1,0,5,0,5,0.4874647,0.2020295,0,0.6894941,0.1517098,0.8412039,0.886963,4.109505,3.791877,0.3176281,4.146019,3.61934,0.6054716,1,0.19,2.091307,3.362269,9.347108,5,5,5
6,6,3,2,False,Low,Clear,0,0,0,0,0,0,0,0,0,0,0,0,0,0,0,0,0,0,0,0,0,0,0,0,0,0,0,0,0,4.216026,3.710926,0.6276491,1,-5.02,1.874954,7.857409,65.47815,4,1,1
6,6,3,2,False,Low,Clear,0,0,0,0,0,0,0,0,0,0,0,0,0,0,2,0,2,0,2,0.0201277,0.3229711,0,0.3430988,0.0850081,0.4281069,1.014714,3.790482,3.454092,0.1239791,4.214081,3.696042,0.6178436,1,1.00,1.754776,0.8559913,3.65448,5,6,5
6,24,1,1,True,High,Clear,0,0,0,0,2,2,0,0,0,0,0.132882,0.132882,0,0,0,0,0,3,3,0,0.08645549,0,0.08645549,0.467812,0.5542675,0,4.020508,3.851838,0.1686695,4.042725,3.77084,0.2076635,1,0.27,1.978585,3.327558,9.250611,4,1,1
6,12,1,2,True,Low,Clear,0,0,0,0,0,0,0,0,0,0,0,0,0,0,0,0,0,0,0,0,0,0,0,0,0,0,0,0,0,4.22525,3.609173,0.4984534,1,-5.00,1.794336,5.735677,47.79711,4,1,1
6,0,1,1,False,Low,Clear,0,0,0,0,0,0,0,0,0,0,0,0,0,0,0,0,0,1,1,0.0435239,0.0240539,0,0.0675778,0.1105439,0.1781217,0,3.888123,3.535019,0.3531039,3.997467,3.542212,0.3342996,1,0.75,4.866693,2.581892,7.177659,5,1,1
6,9,2,1,True,Low,Clear,0,0,0,0,0,0,0,0,0,0,0,0,0,0,0,0,0,0,0,0,0,0,0,0,0,0,0,0,0,3.844154,3.520552,0.2314503,1,-5.02,1.989986,8.504653,70.87182,5,1,1
6,15,4,2,True,Low,Clear,0,0,0,0,2,2,0,0,0,0,0.5350108,0.5350108,0,0,0,0,0,2,2,0,0.1404635,0,0.1404635,0.1232027,0.2636662,0,3.76741,3.556937,0.2104735,4.059189,3.458644,0.7505937,1,0.67,1.821892,1.023809,4.731324,5,6,6
6,2,3,1,False,Low,Clear,0,0,0,0,0,0,0,0,0,0,0,0,0,0,0,0,0,4,4,0,0,0,0,0.541509,0.541509,0,3.984741,3.714804,0.2699373,3.952576,3.541602,0.4596195,1,0.18,2.213412,3.225615,8.96721,6,6,5
6,21,2,2,False,High,Clear,0,0,0,0,4,4,0,0.1999806,0,0.1999806,0.4269061,0.6268867,0,0,1,0,1,5,6,0.0413639,0.1644764,0,0.2058403,0.4107661,0.6166064,0.9440355,3.893028,3.448701,0.4443276,4.243172,3.50977,0.6022999,1,0.84,2.097079,0.8595432,3.587128,4,5,5
7,10,3,1,True,Low,Clear,0,0,0,0,0,0,0,0,0,0,0,0,0,0,0,0,0,0,0,0,0,0,0,0,0,0,0,0,0,4.100952,3.904884,0.1633134,1,-5.02,2.156572,8.329272,69.41032,2,1,1
7,15,4,2,True,Low,Clear,2,0,0,2,0,2,0.4570366,0.2039334,0,0.6609701,0.0218576,0.6828277,0.0776183,0,0,0,0,0,0,0,0.0765008,0,0.0765008,0.0201771,0.0966779,0,3.747337,3.550269,0.1210394,4.070686,3.791464,0.1778789,1,1.07,2.082646,0.6994175,2.6503,4,6,7
7,26,3,1,True,High,Clear,0,0,0,0,2,2,0,0.1110755,0,0.1110755,0.4078184,0.518894,0,0,0,0,0,0,0,0,0,0,0,0,0,0,4.200142,3.565641,0.6345005,3.968529,3.742443,0.1403065,1,0.83,2.046847,2.731313,7.593049,5,6,6
7,28,1,2,True,High,Clear,0,4,0,4,17,21,0,1.448871,0,1.448871,2.283192,3.732063,0.0676836,0,0,0,0,0,0,0,0,0,0,0,0,0,3.70018,3.562609,0.1154542,0,0,0,0,0.00,0,0,0,1,1,1
7,29,2,2,True,High,Clear,5,2,0,7,8,15,0.7829663,0.5515538,0,1.33452,2.073677,3.408197,0.0896651,0,0,0,0,0,0,0,0,0,0,0,0,0,3.83078,3.613827,0.2049856,0,0,0,0,0.00,0,0,0,2,3,3
7,16,1,1,False,High,Clear,0,4,0,4,0,4,0,1.485475,0,1.485475,0.2698141,1.75529,0.0898496,0,0,0,0,2,2,0,0.1637752,0,0.1637752,0.0621138,0.225889,0,3.79261,3.622996,0.1393166,3.906288,3.638968,0.3714466,1,2.11,2.481343,1.099198,3.055771,4,1,1
7,30,3,2,True,High,Clear,0,2,0,2,0,2,0,0.2683568,0,0.2683568,0.3971847,0.6655415,0.0676348,0,0,0,0,2,2,0,0.0421301,0,0.0421301,0.4129936,0.4551237,0,3.626991,3.550506,0.05786896,3.954681,3.792815,0.1618667,1,0.93,1.842743,0.8046548,3.306565,5,6,6
7,9,2,1,True,Low,Clear,0,2,0,2,2,4,0.0454501,0.4286853,0,0.4741354,0.3796839,0.8538193,0.0632069,0,2,0,2,1,3,0.0844272,0.1417353,0,0.2261625,0.0628967,0.2890592,1.058028,3.704926,3.538468,0.03465533,3.850136,3.641216,0.2539003,1,1.06,2.193125,2.414325,6.711823,5,4,5
7,13,2,2,True,Low,Clear,2,4,0,6,4,10,0.9793755,0.8648101,0,1.844186,1.047816,2.892002,0.066709,0,0,0,0,0,0,0,0,0,0,0,0,0,3.70536,3.459115,0.2362876,0,0,0,0,0.00,0,0,0,4,4,4
7,20,1,2,False,High,Clear,1,3,0,4,10,14,0.0649583,0.6239345,0,0.6888928,1.646884,2.335777,0.0885122,0,0,0,0,0,0,0,0,0,0,0,0,0,3.700005,3.332891,0.303978,0,0,0,0,0.00,0,0,0,4,1,1
7,5,2,2,False,Low,Clear,0,0,0,0,0,0,0,0,0,0,0,0,0,1,3,0,4,3,7,0.09887131,0.4716498,0,0.5705211,0.3702082,0.9407293,0.7982683,3.6241,3.609268,0.01483154,3.898933,3.739645,0.1563966,1,-5.02,2.564383,1.036223,4.855011,5,5,5
7,22,3,2,False,High,Clear,0,0,0,0,4,4,0.0440741,0.3087314,0,0.3528055,0.2934855,0.646291,0,0,0,0,0,3,3,0.0644346,0.1798223,0,0.2442569,0.3091509,0.5534078,0,3.664474,3.508739,0.1444321,4.127686,3.764672,0.3592975,1,1.00,1.785641,0.8799025,3.643937,5,5,6
7,4,1,2,False,Low,Clear,0,2,0,2,14,16,0.2223151,0.2908367,0,0.5131518,2.263862,2.777013,0.2219209,0,0,0,0,0,0,0,0,0,0,0,0,0,3.683052,3.470246,0.2570286,0,0,0,0,0.00,0,0,0,3,1,1
7,7,4,2,False,Low,Clear,9,6,0,15,4,19,1.314558,0.8636349,0,2.178193,0.9539406,3.132134,0.0702355,0,0,0,0,0,0,0,0,0,0,0,0,0,3.730354,3.531209,0.1800771,0,0,0,0,0.00,0,0,0,5,7,7
7,0,1,1,False,Low,Clear,0,4,0,4,2,6,0,0.4942368,0,0.4942368,0.5539464,1.048183,0.089063,0,2,0,2,2,4,0,0.2472127,0,0.2472127,0.1820181,0.4292308,0.7055602,3.543533,3.31839,0.1916533,4.026321,3.693809,0.2723069,1,1.71,2.153492,1.635292,4.546113,4,1,1
7,11,4,1,True,Low,Clear,0,0,0,0,2,2,0,0.0415494,0,0.0415494,0.2024222,0.2439716,0,0,0,0,0,2,2,0,0.1288831,0,0.1288831,0.3040366,0.4329197,0,3.611549,3.501453,0.1100965,3.909317,3.699998,0.1720126,1,0.93,2.044509,2.6383,7.334473,4,7,7
7,24,1,1,True,High,Clear,0,4,0,4,0,4,0,1.132737,0,1.132737,0.6676738,1.800411,0.1094428,0,0,0,0,0,0,0,0.0602229,0,0.0602229,0.2232093,0.2834322,0,3.577415,3.374192,0.1751521,3.87027,3.669195,0.1861711,1,2.22,2.092658,1.274603,3.543396,5,1,1
7,23,4,2,False,High,Clear,0,2,0,2,0,2,0,0.2668251,0,0.2668251,0.1046501,0.3714752,0.4224455,0,2,0,2,1,3,0,0.1593311,0,0.1593311,0.0634649,0.222796,0.0669966,3.46096,3.334312,0.05828857,3.901215,3.689435,0.2117794,1,1.09,1.744156,0.7949901,3.24141,4,6,7
7,21,2,2,False,High,Clear,4,0,0,4,10,14,0.7553174,0.5908989,0,1.346216,1.321544,2.66776,1.222254,0,0,0,0,0,0,0,0,0,0,0,0,0,3.692787,3.479306,0.1598694,0,0,0,0,0.00,0,0,0,4,5,4
7,25,2,1,True,High,Clear,0,2,0,2,0,2,0.0246107,0.3098977,0,0.3345084,0.1134735,0.4479819,0.3094757,1,4,0,5,5,10,0.195605,0.4024223,0,0.5980273,0.4874949,1.085522,0.0859261,3.527885,3.372127,0.03422928,3.696861,3.52392,0.1845634,1,1.00,2.061445,2.466199,6.856034,5,5,5
7,12,1,2,True,Low,Clear,0,2,0,2,12,14,0.4695585,0.6184907,0,1.088049,1.769563,2.857612,1.167949,0,0,0,0,0,0,0,0,0,0,0,0,0,3.530212,3.393365,0.1254511,0,0,0,0,0.00,0,0,0,4,1,1
7,8,1,1,True,Low,Clear,0,3,0,3,1,4,0,1.578754,0,1.578754,0.3260609,1.904814,0.2218786,0,2,0,2,0,2,0,0.2032232,0,0.2032232,0.0886215,0.2918447,0.2014097,3.698997,3.497494,0.1316028,3.845047,3.712347,0.1310382,1,2.45,2.086564,1.085125,3.016648,4,1,1
7,14,3,2,True,Low,Clear,0,2,0,2,0,2,0,0.3765768,0,0.3765768,0.222357,0.5989338,0.088538,0,0,0,0,0,0,0,0,0,0,0.1558189,0.1558189,0,3.420296,3.318069,0.1022263,3.861275,3.643926,0.1236789,1,0.89,1.911057,0.8931331,3.81305,5,6,6
7,31,4,2,True,High,Clear,0,2,0,2,0,2,0,0.443633,0,0.443633,0.1831019,0.6267349,0.1344568,0,0,0,0,0,0,0,0,0,0,0,0,0,3.518372,3.41815,0.1383057,3.885094,3.666709,0.04518127,1,0.96,1.825418,0.90343,3.85701,4,6,6
7,2,3,1,False,Low,Clear,0,4,0,4,0,4,0,0.5828392,0,0.5828392,0.3031357,0.8859749,1.132443,2,2,0,4,0,4,0.2649597,0.3368626,0,0.6018223,0.020242,0.6220642,0.4449675,3.489037,3.365424,0.1554327,3.898415,3.512482,0.4333549,1,1.80,2.023502,1.714325,4.765824,6,7,6
7,27,4,1,True,High,Clear,0,2,0,2,0,2,0,0.4896127,0,0.4896127,0.0657873,0.5554,0.0695762,0,0,0,0,0,0,0,0.0255231,0,0.0255231,0.0995142,0.1250373,0,3.616249,3.395452,0.2207966,3.742264,3.49705,0.264601,1,0.77,2.257236,2.661912,7.400116,7,7,7
7,18,3,1,False,High,Clear,0,0,0,0,2,2,0,0.3086819,0,0.3086819,0.3574493,0.6661311,0,2,1,0,3,2,5,0.1356289,0.2227002,0,0.3583291,0.3754401,0.7337692,1.355198,3.498856,3.348083,0.05137825,3.749313,3.57051,0.1364391,1,1.02,2.126886,2.493363,6.93155,5,6,7
7,3,4,1,False,Low,Clear,0,1,0,1,1,2,0,0.1326003,0,0.1326003,0.2010303,0.3336306,0.5734484,0,4,0,4,0,4,0,0.3556932,0,0.3556932,0.1737541,0.5294473,0.3282295,3.497353,3.374946,0.1062927,3.676796,3.506996,0.1641147,1,0.98,2.102493,2.601377,7.231827,6,7,7
7,17,2,1,False,High,Clear,0,6,0,6,0,6,0,1.722501,0,1.722501,0.4390912,2.161592,0.0664935,0,0,0,0,0,0,0,0,0,0,0,0,0,3.503677,3.252305,0.1982083,3.828331,3.548254,0.1519268,1,2.69,1.8853,1.071293,2.978196,5,4,5
7,6,3,2,False,Low,Clear,0,0,0,0,2,2,0,0.0640647,0,0.0640647,0.3569333,0.420998,0,0,0,0,0,1,1,0,0.1778914,0,0.1778914,0.1548511,0.3327425,0,3.528526,3.455592,0.07293415,3.612122,3.446801,0.2181697,1,0.50,2.270218,0.9029547,3.854981,4,6,6
7,1,2,1,False,Low,Clear,1,2,0,3,1,4,0.0928963,0.3285781,0,0.4214744,0.286944,0.7084184,0.2673712,0,4,0,4,1,5,0,0.4834876,0,0.4834876,0.2526432,0.7361308,0.08817071,3.51123,3.384216,0.1752346,3.955162,3.30453,0.710628,1,0.98,2.308398,2.401585,6.676407,5,4,6
7,19,4,1,False,High,Clear,0,2,0,2,0,2,0,0.4718421,0,0.4718421,0.1725059,0.644348,0.112441,0,2,0,2,3,5,0,0.4067578,0,0.4067578,0.1697158,0.5764736,0.7743559,3.343895,3.190846,0.009548187,3.615997,3.390808,0.2562649,1,0.94,2.146734,2.529606,7.032303,7,7,7
8,0,4,1,False,High,Clear,0,0,0,0,4,4,0,0.0217161,0,0.0217161,0.2873325,0.3090486,0,0,0,0,0,0,0,0,0,0,0,0,0,0,5.255333,4.886948,0.321362,5.255211,5.017482,0.291913,1,1.23,1.963532,2.420352,6.728577,7,7,7
8,26,3,1,True,High,Clear,0,0,0,0,0,0,0,0,0,0,0,0,0,0,0,0,0,0,0,0,0,0,0,0,0,0,0,0,0,5.628235,5.297531,0.36131,1,-0.42,2.474308,3.560864,9.899201,4,1,1
8,22,3,2,False,High,Clear,0,0,0,0,2,2,0.2634955,0,0,0.2634955,0.2928975,0.556393,0,0,0,0,0,5,5,0.0887278,0,0,0.0887278,0.8031713,0.8918991,0,5.488129,5.304883,0.1832452,5.454941,5.137674,0.344101,1,0.56,2.833611,0.5676299,1.951111,7,7,5
8,1,2,1,False,Low,Clear,2,0,0,2,0,2,0.2649762,0.0447343,0,0.3097105,0.2681707,0.5778812,0.1323074,0,0,0,0,5,5,0,0,0,0,0.491664,0.491664,0,5.420158,5.209579,0.2105789,5.571182,5.22172,0.382225,1,0.89,2.751188,2.148125,5.971787,6,6,5
8,29,2,2,True,High,Clear,0,0,0,0,0,0,0,0,0,0,0,0,0,0,0,0,0,2,2,0.043374,0,0,0.043374,0.2013663,0.2447403,0,5.57888,5.442155,0.1367254,5.641426,5.223662,0.5480103,1,0.06,2.351363,1.109055,5.338212,7,7,6
8,14,3,2,True,Low,Clear,0,0,0,0,2,2,0,0,0,0,0.4556898,0.4556898,0,0,0,0,0,0,0,0,0,0,0,0,0,0,5.230721,5.069736,0.160985,5.522095,5.067474,0.5691128,1,0.43,2.221997,0.966881,4.344483,5,5,6
8,17,2,1,False,High,Clear,2,0,0,2,0,2,0.2658934,0,0,0.2658934,0.1374368,0.4033301,0.0890508,0,0,0,0,3,3,0,0,0,0,0.2239681,0.2239681,0,5.439529,5.256273,0.1832561,5.65477,5.258974,0.3732781,1,0.31,2.547471,2.856671,7.941544,7,6,7
8,19,4,1,False,High,Clear,0,0,0,0,2,2,0,0,0,0,0.4500508,0.4500508,0,0,0,0,0,0,0,0,0,0,0,0.0626901,0.0626901,0,5.278046,5.066536,0.2115097,5.599495,5.196031,0.394527,1,0.67,2.368753,2.599659,7.227051,6,6,6
8,20,1,2,False,High,Clear,0,0,0,0,26,26,0.3528852,0.0660381,0,0.4189233,3.889761,4.308684,0,0,0,0,0,0,0,0,0,0,0,0,0,0,5.479622,5.090591,0.3959231,0,0,0,0,0.00,0,0,0,4,1,1
8,12,1,2,True,Low,Clear,2,0,0,2,0,2,0.1336046,0,0,0.1336046,0,0.1336046,0.0892214,1,0,0,1,6,7,0.4232,0.0215688,0,0.4447688,0.6460767,1.090845,2.730676,5.160187,5.06102,0.09916687,5.756393,5.301116,0.4107337,1,0.04,2.77654,0.885386,3.83664,5,1,1
8,6,3,2,False,Low,Clear,0,0,0,0,0,0,0,0,0,0,0,0,0,2,3,0,5,2,7,0.4147233,0.1990542,0,0.6137775,0.3883037,1.002081,1.889637,0,0,0,5.500114,5.130568,0.3814325,1,-2.54,5.253473,0.9695204,4.325318,6,6,6
8,11,4,1,True,Low,Clear,0,0,0,0,0,0,0,0,0,0,0,0,0,0,0,0,0,0,0,0,0.0234195,0,0.0234195,0,0.0234195,0,0,0,0,5.375023,5.058769,0.4422994,1,-0.32,2.673963,3.263789,9.073335,5,7,4
8,15,4,2,True,Low,Clear,0,0,0,0,2,2,0.1756234,0.0240579,0,0.1996813,0.1897616,0.3894429,0,0,1,0,1,0,1,0,0.0435679,0,0.0435679,0,0.0435679,0,5.350647,5.253806,0.09684134,5.500557,5.059783,0.555716,1,0.31,2.355354,0.9520621,4.216965,5,6,6
8,5,2,2,False,Low,Clear,0,2,0,2,0,2,0,0.1764673,0,0.1764673,0,0.1764673,0.0690046,0,1,0,1,0,1,0,0.1347438,0,0.1347438,0.0224626,0.1572064,0,5.172363,5.085552,0.08681107,5.467583,5.041391,0.4644418,1,0.11,2.589581,0.952915,4.251236,5,6,4
8,28,1,2,True,High,Clear,0,0,0,0,2,2,0,0,0,0,0.2202938,0.2202938,0,0,0,0,0,1,1,0,0,0,0,0.3294205,0.3294205,0,5.323105,5.197733,0.1253719,5.494888,5.115068,0.4256806,1,0.18,2.144863,1.166458,5.838471,4,1,1
8,7,4,2,False,Low,Clear,0,0,0,0,2,2,0,0,0,0,0.4005517,0.4005517,0,0,0,0,0,1,1,0,0,0,0,0.0430344,0.0430344,0,5.181953,5.056406,0.1255474,5.467758,4.933282,0.6112103,1,0.33,2.466454,0.9192918,3.924729,5,6,5
8,13,2,2,True,Low,Clear,0,0,0,0,0,0,0,0,0,0,0,0,0,0,2,0,2,0,2,0,0.2129436,0,0.2129436,0.1545008,0.3674444,0.1094986,0,0,0,5.405281,4.998556,0.5012207,1,-0.22,2.881792,0.9907144,4.483277,5,6,6
8,0,1,1,False,Low,Clear,0,0,0,0,2,2,0,0,0,0,0.3011213,0.3011213,0,0,0,0,0,1,1,0,0,0,0,0.1097291,0.1097291,0,5.352791,5.156881,0.19591,5.534309,5.022327,0.6058192,1,0.38,2.377489,2.932015,8.151002,4,1,1
8,8,1,1,True,Low,Clear,0,0,0,0,0,0,0,0,0,0,0,0,0,0,0,0,0,0,0,0,0,0,0,0,0,0,0,0,0,5.498528,5.187534,0.3839998,1,-5.02,2.052491,8.007086,66.72545,4,1,1
8,24,1,1,True,High,Clear,0,0,0,0,2,2,0.1339602,0.0363114,0,0.1702716,0.1795228,0.3497944,0,0,0,0,0,1,1,0.3956765,0.08888581,0,0.4845623,0.089071,0.5736333,0,5.286095,5.205188,0.08090639,5.600655,5.140758,0.6118655,1,0.27,2.345206,3.011564,8.372148,5,1,1
8,27,4,1,True,High,Clear,0,0,0,0,0,0,0,0,0,0,0.0238336,0.0238336,0,4,0,0,4,1,5,0.4640645,0,0,0.4640645,0.4461339,0.9101984,0,5.208023,5.192837,0.01518631,5.5131,5.063424,0.6231828,1,-0.06,2.595029,3.098094,8.612702,5,6,6
8,4,1,2,False,Low,Clear,0,0,0,0,2,2,0.09024461,0,0,0.09024461,0.155425,0.2456696,0,1,0,0,1,0,1,0.2631895,0,0,0.2631895,0.3388304,0.6020199,0,5.274681,5.144432,0.1302495,5.604004,4.980657,0.7519011,1,0.18,2.622564,0.911028,3.947754,5,1,1
8,30,3,2,True,High,Clear,0,2,0,2,0,2,0,0.15589,0,0.15589,0.0222191,0.1781091,0.0671915,0,0,0,0,1,1,0,0.2257171,0,0.2257171,0.3752346,0.6009517,0,5.19619,5.066694,0.1294961,5.495941,4.934371,0.7021594,1,0.11,2.461359,1.053347,4.867829,6,6,6
8,9,2,1,True,Low,Clear,0,0,0,0,2,2,0,0,0,0,0.0897401,0.0897401,0,3,0,0,3,1,4,0.308932,0.0922002,0,0.4011322,0.4651803,0.8663125,1.110528,5.141037,5.096533,0.04450369,5.56485,5.109217,0.4697804,1,0.04,2.509845,3.059201,8.504579,6,6,6
8,2,3,1,False,Low,Clear,0,2,0,2,0,2,0,0.289537,0,0.289537,0,0.289537,0.0888278,0,1,0,1,4,5,0,0.0875035,0,0.0875035,0.7330275,0.820531,1.244884,5.135422,4.996168,0.1392541,5.419708,5.01812,0.459558,1,0.22,2.673146,2.735731,7.605332,5,6,6
8,10,3,1,True,Low,Clear,0,0,0,0,0,0,0,0,0,0,0,0,0,0,0,0,0,0,0,0,0,0,0,0,0,0,0,0,0,5.594872,5.161668,0.5279016,-1,-5.02,2.135624,8.124689,67.70547,3,1,1
8,21,2,2,False,High,Clear,2,0,0,2,0,2,0.1758073,0.0462619,0,0.2220692,0.1336174,0.3556866,0.3558261,2,1,0,3,1,4,0.2216853,0.403141,0,0.6248263,0.2055934,0.8304197,0.7502118,5.355827,5.104294,0.2515335,5.427658,5.032743,0.4904885,1,0.44,2.764396,0.6692647,2.536042,5,5,6
8,25,2,1,True,High,Clear,0,0,0,0,2,2,0,0,0,0,0.1764222,0.1764222,0,0,0,0,0,1,1,0,0,0,0,0.3998871,0.3998871,0,5.270905,5.189054,0.08185101,5.518982,4.984323,0.7006783,1,0.11,2.378319,3.141428,8.733171,6,6,5
8,23,4,2,False,High,Clear,0,0,0,0,2,2,0,0,0,0,0.1881964,0.1881964,0,0,0,0,0,3,3,0.3817201,0,0,0.3817201,0.5970027,0.9787228,0,5.292114,5.193079,0.09903526,5.5606,5.051632,0.4858313,1,0.11,2.726358,0.8694549,3.71196,6,6,6
8,31,4,2,True,High,Clear,2,0,0,2,0,2,0.2557236,0,0,0.2557236,0.1784009,0.4341245,0.0895861,0,0,0,0,1,1,0,0,0,0,0.1315447,0.1315447,0,5.306953,5.167752,0.1392016,5.453773,4.907384,0.5496035,1,0.37,2.24779,0.9871582,4.561951,6,6,5
8,16,1,1,False,High,Clear,0,0,0,0,2,2,0,0,0,0,0.3114172,0.3114172,0,0,0,0,0,1,1,0.1999406,0.0209034,0,0.220844,0.6233199,0.8441639,0,5.324875,5.160865,0.1640096,5.62104,5.057909,0.7133989,1,0.24,2.438639,2.975053,8.270646,5,1,1
8,3,4,1,False,Low,Clear,0,0,0,0,0,0,0,0,0,0,0,0,0,0,0,0,0,0,0,0,0,0,0,0.0648948,0.0648948,0,5.297089,5.1119,0.1851883,5.623024,5.128526,0.6378646,1,-0.06,2.687437,3.04841,8.47458,6,6,5
8,18,3,1,False,High,Clear,1,0,0,1,1,2,0.0906025,0,0,0.0906025,0.3763189,0.4669214,0.1997078,1,0,0,1,2,3,0.1351374,0.0210763,0,0.1562137,0.245909,0.4021227,0.1997078,5.364197,5.225485,0.1387119,5.575035,5.037929,0.6999025,1,0.40,2.366217,2.979328,8.282533,6,6,6
9,0,4,1,False,Low,Clear,0,0,0,0,8,8,0,0.3783244,0,0.3783244,1.15053,1.528855,0,0,0,0,0,0,0,0,0,0,0,0,0,0,3.89547,3.326815,0.5714865,3.998589,3.508,0.6303916,1,2.12,2.461631,0.8998955,2.501709,4,7,7
9,0,3,1,True,Low,Clear,0,1,0,1,3,4,0,0.1101222,0,0.1101222,0.6031405,0.7132627,0.6522129,0,0,0,0,0,0,0,0,0,0,0,0,0,3.836143,2.945115,0.5252354,3.893967,3.318173,0.669585,1,1.11,2.683694,1.89428,5.266098,7,6,6
9,26,3,1,True,High,Clear,0,0,0,0,0,0,0,0.08495799,0,0.08495799,0.0231479,0.1081059,0,0,0,0,0,0,0,0,0,0,0,0,0,0,3.406784,2.789887,0.6168971,3.901871,3.400536,0.4686949,1,0.26,2.607286,2.830807,7.869645,6,5,6
9,29,2,2,True,High,Clear,0,2,0,2,2,4,0,0.3323926,0,0.3323926,0.4656697,0.7980623,0.0896786,0,0,0,0,0,0,0,0,0,0,0,0,0,4.147217,3.946315,0.2009022,4.328018,3.448811,1.194966,1,0.75,2.620968,0.5164419,1.758637,5,4,4
9,28,1,2,True,High,Clear,0,2,0,2,19,21,0,0.4010223,0,0.4010223,3.066728,3.46775,1.237535,0,0,0,0,0,0,0,0,0,0,0,0,0,4.252975,3.416191,0.8706353,3.742889,3.563589,0.1793003,0,5.30,0.06825089,0,0,3,1,1
9,31,4,2,True,High,Clear,0,0,0,0,0,0,0,0.045188,0,0.045188,0,0.045188,0,0,0,0,0,0,0,0,0,0,0,0,0,0,3.941154,3.19504,0.3894756,3.636497,3.009189,1.069564,1,1.00,2.444305,0.4358306,1.456238,6,7,7
9,19,4,1,False,High,Clear,0,0,0,0,2,2,0,0.0209637,0,0.0209637,0.269094,0.2900577,0,0,0,0,0,0,0,0,0,0,0,0,0,0,3.956749,3.520989,0.4425311,4.237953,3.11779,1.224453,1,1.36,2.497243,1.798095,4.998703,7,7,7
9,15,4,2,True,Low,Clear,0,0,0,0,2,2,0,0,0,0,0.1449027,0.1449027,0,0,0,0,0,0,0,0,0,0,0,0,0,0,3.929398,3.491259,0.438139,4.028572,3.096709,0.9236338,1,0.59,2.679986,0.5537521,1.974289,6,7,6
9,0,1,1,False,Low,Clear,0,0,0,0,2,2,0,0.3324716,0,0.3324716,0.2849495,0.6174211,0,0,0,0,0,0,0,0,0,0,0,0,0,0,4.017159,3.079502,0.9826796,4.090691,3.146899,1.175559,1,2.35,2.450935,0.8424116,2.341904,5,1,1
9,1,2,1,False,Low,Clear,0,0,0,0,4,4,0,0,0,0,0.4008241,0.4008241,0,0,0,0,0,0,0,0,0,0,0,0,0,0,3.930122,3.451156,0.4973116,4.055801,3.402236,0.7495327,1,1.07,2.691442,1.876288,5.21608,5,4,4
9,11,4,1,True,Low,Clear,0,0,0,0,0,0,0,0,0,0,0,0,0,0,0,0,0,0,0,0,0,0,0,0,0,0,3.663399,3.351948,0.3114505,3.886421,3.460158,0.5815558,1,0.07,2.391975,3.154969,8.770814,5,1,1
9,2,3,1,False,Low,Clear,0,0,0,0,0,0,0,0,0,0,0.0805828,0.0805828,0,0,0,0,0,0,0,0,0,0,0,0,0,0,3.663879,2.545959,0.7663777,3.743523,3.22487,0.6478643,1,1.54,2.230393,1.856276,5.160447,5,5,4
9,11,4,1,True,Low,Clear,0,0,0,0,0,0,0,0,0,0,0,0,0,0,0,0,0,0,0,0,0,0,0,0,0,0,3.823578,2.913684,0.6401205,3.919853,3.301013,0.8144646,1,1.10,2.308834,2.205675,6.131775,6,7,7
9,3,4,1,False,Low,Clear,0,0,0,0,0,0,0,0,0,0,0,0,0,0,0,0,0,0,0,0,0,0,0,0,0,0,3.61657,2.596879,0.8223362,3.715294,3.237821,0.6028275,1,1.29,2.488517,1.849217,5.140824,5,6,7
9,12,1,2,True,Low,Clear,0,0,0,0,0,0,0,0,0,0,0,0,0,0,0,0,0,0,0,0,0,0,0,0,0,0,0,0,0,3.771797,3.301009,0.6254082,1,-0.16,2.519887,1.174433,5.91597,3,1,1
9,24,1,1,True,High,Clear,0,0,0,0,1,1,0,0.0939795,0,0.0939795,0.1989098,0.2928893,0,0,0,0,0,0,0,0,0,0,0,0,0,0,3.15197,2.574071,0.738903,4.04113,3.086209,0.9186707,1,0.93,2.391639,2.338596,6.501297,2,1,1
9,21,2,2,False,High,Clear,0,2,0,2,0,2,0,0.2739159,0,0.2739159,0.726576,1.000492,0,0,0,0,0,1,1,0,0,0,0,0.7783445,0.7783445,0,0,0,0,3.334702,2.756706,0.7706938,0,-5.02,1.487931,0,0,2,4,3
9,4,1,2,False,Low,Clear,0,2,0,2,16,18,0.0225308,0.3010178,0,0.3235486,3.089765,3.413313,0.215208,0,0,0,0,0,0,0,0,0,0,0,0,0,3.430557,2.667161,0.9060128,3.667564,3.48692,0.1806445,0,5.23,0.1771516,0,0,5,1,1
9,5,2,2,False,Low,Clear,0,2,0,2,0,2,0,0.1104329,0,0.1104329,0.199409,0.3098419,0.3556587,0,0,0,0,0,0,0,0,0,0,0,0,0,3.708443,2.758636,0.6778717,3.756241,3.191674,0.7553978,1,1.04,2.420189,0.3743785,1.202988,5,5,4
9,25,2,1,True,High,Clear,0,0,0,0,0,0,0,0,0,0,0,0,0,0,0,0,0,0,0,0,0,0,0,0,0,0,3.646149,2.810206,0.8359425,3.7033,3.073561,0.7569973,1,0.79,2.491796,2.416498,6.717865,5,5,4
9,18,3,1,False,High,Clear,0,0,0,0,4,4,0,0.0200436,0,0.0200436,0.7930448,0.8130884,0,0,0,0,0,0,0,0,0,0,0,0,0,0,3.12574,2.707769,0.476836,3.692192,2.977476,0.804841,1,1.19,2.522375,1.965365,5.463715,5,5,5
9,16,1,1,False,High,Clear,0,2,0,2,3,5,0.0241144,0.1554276,0,0.179542,0.5318844,0.7114264,1.603526,0,0,0,0,0,0,0,0,0,0,0,0,0,3.72448,2.686814,0.827981,3.705849,3.070323,0.742331,1,1.91,2.450278,1.269724,3.529831,4,1,1
9,10,3,1,True,Low,Clear,0,2,0,2,0,2,0,0.2233987,0,0.2233987,0.1082542,0.3316529,0.4222695,0,0,0,0,0,0,0,0,0,0,0,0,0,3.748871,2.68754,1.061331,3.636253,2.962553,0.8795969,1,0.82,2.560515,2.248141,6.249833,5,5,5
9,22,3,2,False,High,Clear,0,0,0,0,0,0,0,0,0,0,0.044952,0.044952,0,0,0,0,0,0,0,0,0,0,0,0,0,0,3.128639,2.76344,0.3651991,3.578026,3.0302,0.697901,1,0.44,2.651975,0.7148937,2.777573,5,5,5
9,20,1,2,False,High,Clear,0,2,0,2,7,9,0.1284653,0.4008484,0,0.5293137,2.37941,2.908723,0.2453776,0,0,0,0,0,0,0,0,0,0,0,0,0,3.632248,2.763494,0.8745677,3.529259,3.395174,0.1340852,0,5.33,0.0890162,0,0,4,1,1
9,9,2,1,True,Low,Clear,0,0,0,0,1,1,0,0,0,0,0.1104743,0.1104743,0,0,0,0,0,2,2,0,0.1133347,0,0.1133347,0.0436076,0.1569423,0,2.703194,2.403855,0.2993388,3.572632,2.779732,0.8385217,1,0.22,2.801592,2.650446,7.368241,5,4,5
9,30,3,2,True,High,Clear,0,0,0,0,0,0,0,0.0254457,0,0.0254457,0.0438859,0.0693316,0,0,0,0,0,0,0,0,0,0,0,0,0,0,3.042503,2.826319,0.2161846,3.62738,2.817007,0.903228,1,0.46,2.409039,0.8475526,3.564209,5,6,6
9,27,4,1,True,High,Clear,0,0,0,0,3,3,0,0.6222882,0,0.6222882,0.3746012,0.9968895,0,0,0,0,0,0,0,0,0,0,0,0,0,0,3.600258,2.786601,0.6135437,3.754623,3.003342,1.021262,1,1.96,2.394336,1.294813,3.599579,7,7,7
9,14,3,2,True,Low,Clear,0,0,0,0,0,0,0,0.0449543,0,0.0449543,0.0864382,0.1313925,0,0,0,0,0,0,0,0,0,0,0,0,0,0,2.881805,2.602737,0.2790682,3.361206,2.846223,0.5863364,1,0.80,2.57548,0.4740678,1.584,6,5,5
9,13,2,2,True,Low,Clear,0,0,0,0,0,0,0,0,0,0,0,0,0,0,0,0,0,0,0,0,0,0,0,0,0,0,2.80825,2.697156,0.111094,3.505157,2.834517,0.6782064,1,0.09,2.764503,0.8373644,3.467774,6,5,5
9,7,4,2,False,Low,Clear,0,0,0,0,2,2,0,0.0224218,0,0.0224218,0.298349,0.3207708,0,0,0,0,0,0,0,0,0,0,0,0,0,0,3.149155,2.720419,0.5496056,3.453339,2.865291,0.7468247,1,1.14,2.307686,0.4014086,1.302689,5,7,7
9,23,4,2,False,High,Clear,0,0,0,0,2,2,0.0265207,0.0457848,0,0.0723055,0.2860752,0.3583807,0,0,0,0,0,0,0,0,0,0,0,0,0,0,2.905602,2.604697,0.300905,3.496635,2.855877,0.7417674,1,0.85,2.452854,0.5690471,1.992402,6,7,7
9,6,3,2,False,Low,Clear,0,2,0,2,0,2,0,0.1107018,0,0.1107018,0.5542638,0.6649656,0.1349166,0,0,0,0,0,0,0,0,0,0,0,0,0,3.11306,2.51921,0.7709703,3.682732,2.775842,0.9685991,1,1.13,2.299837,0.4169406,1.339753,5,5,5
9,8,1,1,True,Low,Clear,0,0,0,0,0,0,0,0,0,0,0,0,0,0,0,0,0,0,0,0,0,0,0,0,0,0,3.509972,2.817717,0.7630706,3.61779,2.912655,0.8397772,1,1.33,2.389408,1.939985,5.393158,5,1,1
9,17,2,1,False,High,Clear,0,0,0,0,2,2,0,0,0,0,0.2424675,0.2424675,0,0,0,0,0,0,0,0,0,0,0,0,0,0,3.286926,2.776083,0.5108438,3.674202,3.026881,0.6176214,1,0.69,2.494735,2.457154,6.830887,6,5,5
10,3,4,1,False,Low,Clear,2,0,0,2,0,2,1.690305,0.2185553,0,1.90886,0,1.90886,0.0771615,0,0,0,0,0,0,0,0,0,0,0,0,0,4.585602,4.296105,0.2240472,4.821327,4.491331,0.3733811,1,2.34,2.28129,1.075372,2.989533,6,7,7
10,0,1,1,False,Low,Clear,8,0,0,8,16,24,2.286737,0.088996,0,2.375733,2.643909,5.019642,0.088996,0,0,0,0,0,0,0,0,0,0,0,0,0,4.767525,4.449796,0.2900519,0,0,0,0,0.00,0,0,0,2,1,1
10,22,3,2,False,High,Clear,4,0,0,4,5,9,2.642215,0,0,2.642215,0.847131,3.489346,1.50336,0,0,0,0,0,0,0,0,0,0,0,0,0,4.85067,4.457704,0.35603,0,0,0,0,0.00,0,0,0,5,6,7
10,27,4,1,True,High,Clear,0,0,0,0,0,0,0,0,0,0,0,0,0,2,2,0,4,0,4,0.1149061,0.1524999,0,0.267406,0.1527865,0.4201925,1.152964,4.885933,4.834163,0.05176973,5.264992,4.654576,0.6702952,1,0.14,3.019718,2.639441,7.337647,7,7,7
10,30,3,2,True,High,Clear,0,2,0,2,0,2,0,0.156859,0,0.156859,0,0.156859,0.0690925,0,2,0,2,2,4,0,0.2410332,0,0.2410332,0.1511158,0.392149,1.255313,4.657562,4.494717,0.1628456,5.004272,4.617027,0.3344436,1,0.53,2.616759,0.6918555,2.643784,6,6,7
10,20,1,2,False,High,Clear,2,0,0,2,18,20,0.4451698,0,0,0.4451698,2.909838,3.355008,0.0670568,0,0,0,0,0,0,0,0,0,0,0,0,0,4.92083,4.67315,0.2183537,0,0,0,0,0.00,0,0,0,1,1,1
10,16,1,1,False,High,Clear,0,4,0,4,2,6,0.2895512,0.6323726,0,0.9219238,1.088404,2.010328,1.600148,0,0,0,0,0,0,0,0,0,0,0,0,0,4.824165,4.516662,0.2289186,4.775215,4.449994,0.5741668,1,2.52,2.286574,0.9038584,2.512726,1,1,1
10,23,4,2,False,High,Clear,0,2,0,2,2,4,0.2871984,0.5794934,0,0.8666918,0.3904889,1.257181,0.7461745,0,0,0,0,2,2,0,0,0,0,0.3600852,0.3600852,0,4.500198,4.317941,0.2698755,4.808159,4.585778,0.2015705,1,1.22,2.361644,0.3212571,0.9706121,6,7,7
10,29,2,2,True,High,Clear,0,2,0,2,0,2,0.5552441,0.1785564,0,0.7338005,0,0.7338005,0.0658955,0,2,0,2,2,4,0.1084063,0.2248143,0,0.3332206,0.4310039,0.7642245,0.8885321,4.676613,4.517574,0.159039,5.055946,4.739562,0.1515369,1,0.89,2.488001,0.5067821,1.741959,5,5,5
10,11,4,1,True,Low,Clear,0,1,0,1,3,4,0.1551529,0.0890668,0,0.2442197,0.6892798,0.9334995,0.7052022,0,2,0,2,0,2,0.0207848,0.1943666,0,0.2151514,0.022406,0.2375574,0.6850316,4.725471,4.484515,0.4876876,4.788681,4.40079,0.4976873,1,1.18,2.220943,2.260052,6.282944,6,7,7
10,18,3,1,False,High,Clear,0,0,0,0,2,2,0.5595723,0.0652025,0,0.6247748,0.2008126,0.8255874,0,0,2,0,2,0,2,0,0.3150442,0,0.3150442,0.1690332,0.4840774,1.142818,4.476212,4.263463,0.2430954,4.849892,4.565101,0.1555128,1,1.26,2.145217,2.255408,6.270035,5,6,7
10,31,4,2,True,High,Clear,2,0,0,2,0,2,0.6070532,0.2549669,0,0.8620201,0.0473502,0.9093703,0.1020559,0,0,0,0,0,0,0,0,0,0,0,0,0,4.267357,4.117523,0.1562142,4.496201,4.26258,0.1461964,1,1.03,2.128762,0.6850839,2.55214,6,7,7
10,8,1,1,True,Low,Clear,0,1,0,1,4,5,0.6759226,0.196712,0,0.8726346,0.6035796,1.476214,1.391375,0,0,0,0,2,2,0,0,0,0,0.2966446,0.2966446,0,4.692039,4.355331,0.2146106,4.80162,4.581761,0.2061644,1,1.70,2.231846,1.689132,4.695786,2,1,1
10,25,2,1,True,High,Clear,0,4,0,4,0,4,0.2906793,0.6890101,0,0.9796895,0.0878035,1.067493,0.0899438,2,2,0,4,1,5,0.2204589,0.6052185,0,0.8256774,0.1905743,1.016252,1.388017,4.528915,4.418747,0.1876144,4.589554,4.27197,0.405828,1,0.98,2.566638,2.156836,5.996003,5,6,6
10,17,2,1,False,High,Clear,0,0,0,0,2,2,0.5708548,0.1518104,0,0.7226653,0.1765419,0.8992071,0,0,4,0,4,2,6,0.0407338,0.5451917,0,0.5859255,0.0348156,0.6207411,0.5963565,4.195892,4.033156,0.1006527,4.390709,4.103568,0.417695,1,1.12,2.79919,1.831823,5.092469,6,6,6
10,24,1,1,True,High,Clear,2,0,0,2,2,4,1.001425,0.0211566,0,1.022581,0.3551151,1.377696,0.0655257,0,0,0,0,2,2,0,0,0,0,0.1846066,0.1846066,0,4.863708,4.613809,0.1880903,4.910843,4.551861,0.4203715,1,1.85,2.338936,1.516548,4.216004,2,1,1
10,5,2,2,False,Low,Clear,2,0,0,2,2,4,0.6025796,0.131479,0,0.7340586,0.1536241,0.8876827,0.6876228,0,4,0,4,0,4,0,0.3616498,0,0.3616498,0.0202777,0.3819275,0.728386,4.085541,3.93617,0.07886076,4.636238,4.320734,0.2411919,1,1.09,2.114698,0.576251,2.017624,5,6,6
10,15,4,2,True,Low,Clear,2,0,0,2,0,2,0.6211913,0.0221689,0,0.6433601,0.0221453,0.6655054,0.0887183,0,0,0,0,0,0,0,0,0,0,0,0,0,4.383507,4.22036,0.1575756,4.866089,4.608459,0.168551,1,1.07,2.086927,0.6697526,2.495026,6,7,7
10,9,2,1,True,Low,Clear,0,2,0,2,0,2,0.5994036,0.2010094,0,0.800413,0,0.800413,0.0884458,1,2,0,3,3,6,0.08927931,0.2437462,0,0.3330255,0.5243614,0.8573869,0.4923956,4.424576,4.271787,0.3335266,4.554527,4.253324,0.3532629,1,1.05,2.598132,1.948795,5.417649,6,6,6
10,4,1,2,False,Low,Clear,2,0,0,2,9,11,1.244088,0,0,1.244088,2.020821,3.264909,0.0886124,0,0,0,0,0,0,0,0,0,0,0,0,0,4.736969,4.451467,0.2112718,0,0,0,0,0.00,0,0,0,2,1,1
10,19,4,1,False,High,Clear,0,2,0,2,2,4,0.4221977,0.2219706,0,0.6441683,0.3339499,0.9781182,0.7997318,3,3,0,6,0,6,0.2442245,0.7994884,0,1.043713,0.0476007,1.091314,0.9213236,4.004448,3.854908,0.1551175,4.44809,4.072285,0.3387313,1,1.20,2.625906,1.944113,5.404633,6,7,7
10,7,4,2,False,Low,Clear,1,0,0,1,1,2,0.4238063,0.5990394,0,1.022846,0.1104055,1.133251,0.155892,0,1,0,1,0,1,0,0.1555474,0,0.1555474,0,0.1555474,0,4.106689,4.037849,0.03954744,4.63652,4.26802,0.2974124,1,1.07,2.155063,0.5531871,1.972275,5,7,7
10,12,1,2,True,Low,Clear,0,0,0,0,19,19,0.2007957,0,0,0.2007957,3.909573,4.110369,0,0,0,0,0,0,0,0,0,0,0,0,0,0,4.579056,4.373303,0.1622362,4.652588,4.510999,0.1415887,0,4.87,0.5117799,0,0,2,1,1
10,21,2,2,False,High,Clear,2,0,0,2,0,2,0.7666219,0.0213132,0,0.7879351,0.0233164,0.8112515,0.0886712,0,2,0,2,2,4,0.0799214,0.2908127,0,0.3707341,0.0843489,0.455083,0.5030614,3.974594,3.868501,0.1040268,4.618584,4.314406,0.2233577,1,1.08,2.167425,0.5635443,2.009202,5,5,6
10,6,3,2,False,Low,Clear,4,2,0,6,0,6,0.9777489,0.135015,0,1.112764,0.0223961,1.13516,0.0887549,0,5,0,5,0,5,0,0.4108806,0,0.4108806,0.0174593,0.4283399,0.7696088,4.320656,4.181581,0.1794901,4.714241,4.400153,0.313024,1,1.35,2.020252,0.4346713,1.424546,5,5,6
10,26,3,1,True,High,Clear,0,0,0,0,2,2,0,0.0659565,0,0.0659565,0.1117742,0.1777307,0,3,1,0,4,1,5,0.8824403,0.5128613,0,1.395302,0.2749283,1.67023,1.446059,4.54023,4.503801,0.03642893,4.816299,4.281361,0.5089993,1,0.11,3.433857,2.222102,6.177445,5,6,6
10,10,3,1,True,Low,Clear,0,0,0,0,0,0,0,0,0,0,0,0,0,0,0,0,0,0,0,0,0,0,0,0,0,0,0,0,0,4.969696,4.680744,0.2182298,1,-5.02,2.577876,10.40633,86.71909,1,1,1
10,14,3,2,True,Low,Clear,0,0,0,0,0,0,0,0,0,0,0,0,0,0,0,0,0,0,0,0,0,0,0,0,0,0,0,0,0,4.99234,4.642908,0.2132697,1,-5.02,2.101496,10.66873,88.90572,1,1,1
10,2,3,1,False,Low,Clear,0,0,0,0,0,0,0,0.0452471,0,0.0452471,0.0654766,0.1107237,0,2,7,0,9,4,13,1.288883,0.5334462,0,1.822329,0.497953,2.320282,0,4.406349,4.386686,0.01966333,4.823166,4.358482,0.4106154,1,0.02,3.755195,2.108413,5.86139,6,7,7
10,13,2,2,True,Low,Clear,0,0,0,0,2,2,0.0230343,0.2907504,0,0.3137847,0.1766032,0.4903879,0,2,0,0,2,1,3,0.4090717,0.0412957,0,0.4503675,0.1372485,0.587616,1.024969,4.41523,4.332161,0.08306837,4.534607,4.226717,0.2457633,1,0.41,2.775606,0.5935982,2.154343,5,5,6
10,28,1,2,True,High,Clear,0,0,0,0,0,0,0,0,0,0,0,0,0,1,5,0,6,0,6,0.1302831,0.5776322,0,0.7079154,0.1782414,0.8861568,0.355607,0,0,0,4.726608,4.411652,0.243187,1,-0.12,2.916558,0.8874174,3.902237,3,1,1
10,1,2,1,False,Low,Clear,0,0,0,0,0,0,0,0,0,0,0,0,0,0,0,0,0,0,0,0,0,0,0,0,0,0,0,0,0,5.008949,4.760342,0.1894155,-1,-2.64,2.142988,2.854404,23.78661,1,1,1
11,13,2,2,True,Low,Clear,0,0,0,0,2,2,0,0,0,0,0.1558368,0.1558368,0,0,0,0,0,0,0,0,0,0,0,0,0,0,4.230782,4.035302,0.1954794,4.219795,4.028004,0.1381907,1,0.72,2.406916,0.7204508,2.799164,5,7,6
11,31,4,2,True,High,Clear,0,0,0,0,0,0,0,0,0,0,0,0,0,0,0,0,0,0,0,0,0,0,0,0.1080637,0.1080637,0,3.977959,3.854601,0.123358,4.061775,3.79444,0.2384217,1,0.84,2.309442,0.6101748,2.253556,5,6,7
11,24,1,1,True,High,Clear,0,0,0,0,4,4,0,0,0,0,0.2692132,0.2692132,0,0,0,0,0,0,0,0,0,0,0,0,0,0,4.037163,3.816426,0.155314,4.312164,4.069387,0.1995754,1,1.49,2.665968,1.475097,4.10077,4,3,2
11,20,1,2,False,High,Clear,0,0,0,0,2,2,0,0,0,0,0.3532279,0.3532279,0,0,0,0,0,0,0,0,0,0,0,0,0,0,4.17041,3.956842,0.2103083,0,0,0,0,0.00,0,0,0,3,1,1
11,14,3,2,True,Low,Clear,0,0,0,0,2,2,0,0,0,0,0.3761003,0.3761003,0,0,0,0,0,1,1,0,0,0,0,0.2999795,0.2999795,0,3.994614,3.784922,0.1550446,4.243141,3.919147,0.193049,1,1.27,2.185732,0.3814872,1.225831,5,5,6
11,9,2,1,True,Low,Clear,0,0,0,0,2,2,0,0,0,0,0.6202168,0.6202168,0,0,0,0,0,4,4,0,0,0,0,0.6422997,0.6422997,0,3.918159,3.654313,0.5543993,4.970726,3.873093,1.089735,1,1.11,3.857043,2.074839,5.768052,5,4,5
11,26,3,1,True,High,Clear,0,0,0,0,0,0,0,0,0,0,0.08515801,0.08515801,0,0,0,0,0,2,2,0,0,0,0,0.6213638,0.6213638,0,3.988441,3.806333,0.2585294,4.121117,3.827044,0.2371941,1,1.35,2.411089,1.973675,5.486817,6,7,7
11,4,1,2,False,Low,Clear,0,0,0,0,0,0,0,0,0,0,0,0,0,0,0,0,0,0,0,0,0,0,0,0,0,0,4.222176,4.050946,0.1242504,4.199059,4.142283,0.05677557,0,5.24,0.115743,0,0,2,1,1
11,22,3,2,False,High,Clear,0,0,0,0,2,2,0,0,0,0,0.2780815,0.2780815,0,0,0,0,0,4,4,0,0,0,0,0.4928344,0.4928344,0,4.112427,3.928894,0,4.132385,3.96192,0.1243014,1,1.03,2.360479,0.4777135,1.626755,6,7,6
11,3,4,1,False,Low,Clear,0,0,0,0,2,2,0,0,0,0,0.3525743,0.3525743,0,0,0,0,0,2,2,0,0,0,0,0.2041796,0.2041796,0,3.979813,3.87394,0.09729004,4.092606,3.875752,0.1892965,1,0.94,2.316607,2.472918,6.874711,6,7,7
11,2,3,1,False,Low,Clear,0,0,0,0,2,2,0,0,0,0,0.5104066,0.5104066,0,0,0,0,0,4,4,0,0,0,0,0.6066461,0.6066461,0,4.019478,3.888955,0.09110379,4.05513,3.879144,0.1525433,1,1.02,2.506236,2.154453,5.98938,6,7,6
11,0,1,1,False,Low,Clear,0,0,0,0,0,0,0,0,0,0,0,0,0,0,0,0,0,0,0,0,0,0,0,0,0,0,4.157295,4.043977,0.113318,4.122147,4.036913,0.08523369,0,-5.02,0.6994732,0,0,3,0,0
11,17,2,1,False,High,Clear,0,0,0,0,0,0,0,0,0,0,0.0914507,0.0914507,0,0,0,0,0,4,4,0,0,0,0,0.4709021,0.4709021,0,3.918999,3.718208,0.1701427,4.263428,3.860609,0.3329387,1,1.58,2.605562,1.526494,4.243653,4,4,5
11,27,4,1,True,High,Clear,0,0,0,0,0,0,0,0,0,0,0.0211004,0.0211004,0,0,0,0,0,4,4,0,0,0,0,0.7961181,0.7961181,0,3.681366,3.621227,0.04624772,3.991501,3.777116,0.1252887,1,1.15,2.389185,2.145655,5.964921,5,7,7
11,1,2,1,False,Low,Clear,0,0,0,0,4,4,0,0,0,0,0.5335235,0.5335235,0,0,0,0,0,2,2,0,0,0,0,0.2943114,0.2943114,0,4.243423,3.892893,0.4856675,4.212814,3.903756,0.2396812,1,1.02,2.610036,2.04712,5.690995,4,4,5
11,12,1,2,True,Low,Clear,0,0,0,0,0,0,0,0,0,0,0,0,0,0,0,0,0,0,0,0,0,0,0,0,0,0,4.213493,3.91314,0.324497,0,0,0,0,0.00,0,0,0,3,1,1
11,19,4,1,False,High,Clear,0,0,0,0,0,0,0,0,0,0,0.0218734,0.0218734,0,0,0,0,0,0,0,0,0,0,0,0.0227315,0.0227315,0,3.867302,3.750008,0.1144884,4.065147,3.810761,0.1652648,1,1.37,2.415864,1.954069,5.432312,5,7,7
11,11,4,1,True,Low,Clear,0,0,0,0,0,0,0,0,0,0,0,0,0,0,0,0,0,2,2,0,0,0,0,0.3128027,0.3128027,0,3.96093,3.804623,0.156307,4.435379,3.692462,0.8503013,1,0.35,2.998968,2.371189,6.591904,6,7,7
11,10,3,1,True,Low,Clear,0,0,0,0,2,2,0,0,0,0,0.2470728,0.2470728,0,0,0,0,0,4,4,0,0,0,0,0.569495,0.569495,0,3.932205,3.806648,0.1535103,4.070992,3.792447,0.2189629,1,1.13,2.598309,1.990959,5.534867,6,7,6
11,29,2,2,True,High,Clear,0,0,0,0,0,0,0,0,0,0,0,0,0,0,0,0,0,0,0,0,0,0,0,0,0,0,0,0,0,0,0,0,0,0.00,0,0,0,4,3,4
11,16,1,1,False,High,Clear,0,0,0,0,0,0,0,0,0,0,0,0,0,0,0,0,0,0,0,0,0,0,0,0,0,0,4.030479,3.815503,0.1447396,4.273529,4.054045,0.1887927,1,1.55,3.243008,1.04953,2.917695,2,1,1
11,25,2,1,True,High,Clear,0,0,0,0,0,0,0,0,0,0,0,0,0,0,0,0,0,2,2,0,0,0,0,0.6448368,0.6448368,0,4.463463,3.869314,0.7232027,4.027252,3.814352,0.1616845,1,1.06,2.61865,2.107568,5.85904,4,3,5
11,8,1,1,True,Low,Clear,0,0,0,0,2,2,0,0,0,0,0.3288745,0.3288745,0,0,0,0,0,0,0,0,0,0,0,0,0,0,4.044159,3.901775,0.1317642,4.498779,3.86792,0.6568959,1,1.82,2.675757,1.318019,3.664093,2,1,1
11,7,4,2,False,Low,Clear,0,0,0,0,0,0,0,0,0,0,0.0653017,0.0653017,0,0,0,0,0,6,6,0,0,0,0,0.6771704,0.6771704,0,3.867638,3.732255,0.1579037,4.246101,3.888249,0.2070241,1,1.15,2.131833,0.508113,1.779053,4,7,6
11,21,2,2,False,High,Clear,0,0,0,0,0,0,0,0,0,0,0,0,0,0,0,0,0,0,0,0,0,0,0,0,0,0,3.804802,3.604394,0.105947,4.710625,4.124887,0.45191,1,1.38,2.243924,0.3427127,1.046402,3,3,5
11,28,1,2,True,High,Clear,0,0,0,0,0,0,0,0,0,0,0,0,0,0,0,0,0,0,0,0,0,0,0,0,0,0,4.103035,3.721917,0.3508761,0,0,0,0,0.00,0,0,0,2,1,1
11,30,3,2,True,High,Clear,0,0,0,0,0,0,0,0,0,0,0,0,0,0,0,0,0,0,0,0,0,0,0,0.0258611,0.0258611,0,3.982216,3.790671,0.1459799,4.575989,4.207014,0.3095284,1,1.62,4.606793,0.2933586,0.815537,3,5,5
11,15,4,2,True,Low,Clear,0,0,0,0,2,2,0,0,0,0,0.156115,0.156115,0,0,0,0,0,0,0,0,0,0,0,0,0,0,3.981987,3.797773,0.2130432,4.284103,3.95546,0.2480755,1,0.98,2.697751,0.6765823,2.607071,4,7,7
11,6,3,2,False,Low,Clear,0,0,0,0,2,2,0,0,0,0,0.2624089,0.2624089,0,0,0,0,0,4,4,0,0,0,0,0.5497175,0.5497175,0,4.150436,3.76471,0.3870773,4.197113,3.961391,0.183352,1,1.09,2.23145,0.5503719,1.944626,4,7,6
11,5,2,2,False,Low,Clear,0,0,0,0,4,4,0,0,0,0,0.4253971,0.4253971,0,0,0,0,0,0,0,0,0,0,0,0.0236899,0.0236899,0,3.996941,3.863939,0.1330016,4.286514,3.929909,0.2996931,1,0.85,2.368125,0.6422931,2.413285,4,4,5
11,23,4,2,False,High,Clear,0,0,0,0,0,0,0,0,0,0,0.020819,0.020819,0,0,0,0,0,0,0,0,0,0,0,0.09835669,0.09835669,0,3.804413,3.622684,0.1352417,4.237961,3.919042,0.1615949,1,1.35,1.966373,0.4725023,1.609009,4,7,6
11,18,3,1,False,High,Clear,0,0,0,0,2,2,0,0,0,0,0.2914356,0.2914356,0,0,0,0,0,6,6,0,0,0,0,0.7308471,0.7308471,0,4.125084,3.756047,0.3690367,4.194664,3.939882,0.1844893,1,0.87,2.387128,2.343042,6.513657,6,7,6
12,2,3,1,False,Low,Clear,0,1,0,1,5,6,0,0.3771025,0,0.3771025,0.671178,1.04828,1.943832,0,1,0,1,0,1,0.0663161,0.5968287,0,0.6631448,0.1055444,0.7686892,0,4.722771,4.179547,0.5413103,5.364258,4.716817,0.6113048,1,2.37,2.224753,1.06615,2.963898,6,6,6
12,27,4,1,True,High,Clear,0,2,0,2,0,2,0,0.1794188,0,0.1794188,0.0890939,0.2685127,0.1559768,0,1,0,1,0,1,0,0.0835548,0,0.0835548,0.1001858,0.1837406,0,4.778427,4.619171,0.159256,5.040161,4.650828,0.3875976,1,0.18,2.386745,3.086557,8.580628,5,5,6
12,28,1,2,True,High,Clear,0,0,0,0,0,0,0,0,0,0,0,0,0,0,4,0,4,2,6,0,0.9103397,0,0.9103397,0.3999176,1.310257,0.0885449,0,0,0,5.189301,4.678256,0.489171,1,-0.14,2.952049,1.002241,4.439225,4,4,3
12,30,3,2,True,High,Clear,0,2,0,2,0,2,0,0.5772867,0,0.5772867,0.0663798,0.6436664,0.0902333,0,0,0,0,1,1,0,0.3519659,0,0.3519659,0.3585317,0.7104976,0,4.651863,4.519402,0.1324611,5.127357,4.646237,0.4888754,1,0.57,2.468299,0.8042813,3.253556,6,6,6
12,18,3,1,False,High,Clear,0,0,0,0,0,0,0,0,0,0,0,0,0,2,0,0,2,0,2,0.3332243,0.3792811,0,0.7125055,0.2006918,0.9131973,0.6165354,4.600815,4.378016,0.2227988,4.929222,4.520748,0.3212204,1,0.15,2.806264,2.791041,7.759095,6,6,6
12,29,2,2,True,High,Clear,2,0,0,2,0,2,0.4647269,0.1813154,0,0.6460423,0.1526985,0.7987409,0.0884779,0,3,0,3,0,3,0.040741,0.5775323,0,0.6182733,0.0397449,0.6580182,0.8748419,4.584824,4.358351,0.2264724,4.870697,4.579904,0.1128917,1,0.71,2.270629,0.841078,3.456238,5,5,5
12,24,1,1,True,High,Clear,0,0,0,0,2,2,0.1084334,0.0628176,0,0.171251,0.2729756,0.4442266,0,2,4,0,6,2,8,0.1279006,0.5924465,0,0.7203471,0.4189583,1.139305,0,4.659668,4.604199,0.05546856,5.113167,4.678293,0.370461,1,0.38,2.653573,2.738986,7.61438,3,1,1
12,22,3,2,False,High,Clear,0,2,0,2,0,2,0.0439957,0.1773757,0,0.2213714,0.0215651,0.2429365,0.3356899,0,1,0,1,0,1,0,0.2690328,0,0.2690328,0.2876507,0.5566835,0,4.656769,4.137465,0.5193038,4.881615,4.425768,0.4121957,1,0.40,2.509724,0.9026119,3.882401,5,6,5
12,14,3,2,True,Low,Clear,0,0,0,0,0,0,0,0,0,0,0,0,0,0,0,0,0,0,0,0,0,0,0,0,0,0,0,0,0,5.395164,4.858843,0.5136952,1,-2.66,2.230265,2.988943,24.90776,1,1,1
12,12,1,2,True,Low,Clear,0,2,0,2,7,9,0.6684593,0.4040417,0,1.072501,1.794216,2.866717,0.0669514,0,0,0,0,0,0,0,0,0,0,0,0,0,4.998268,4.597895,0.392673,4.956131,4.696764,0.2593665,0,5.15,0.2446334,0,0,1,1,1
12,15,4,2,True,Low,Clear,0,4,0,4,0,4,0,0.6228191,0,0.6228191,0.1765724,0.7993914,0.1334782,0,2,0,2,0,2,0.0616538,0.2412836,0,0.3029374,0.0897286,0.392666,1.066454,5.188499,4.635124,0.5533752,5.135979,4.812035,0.229198,1,0.87,2.122009,0.7807758,3.133484,6,6,6
12,31,4,2,True,High,Clear,0,0,0,0,2,2,0.1786401,0.1563531,0,0.3349932,0.3107372,0.6457304,0,0,2,0,2,0,2,0,0.2081496,0,0.2081496,0.1801489,0.3882985,0.8129835,4.706696,4.554021,0.1526742,5.043907,4.687031,0.5454969,1,0.76,2.236257,0.8518211,3.554902,6,5,6
12,13,2,2,True,Low,Clear,0,0,0,0,0,0,0,0,0,0,0,0,0,0,0,0,0,0,0,0,0,0,0,0,0,0,0,0,0,5.23848,4.950412,0.2491808,1,-2.82,2.468003,2.977721,24.81424,1,1,1
12,21,2,2,False,High,Clear,0,2,0,2,0,2,0,0.5153289,0,0.5153289,0.0405624,0.5558913,0.066659,0,3,0,3,3,6,0.0894542,0.6136495,0,0.7031038,0.6012904,1.304394,1.321471,4.485199,4.31716,0.1680393,5.065216,4.54917,0.5015879,1,0.49,2.37691,0.9136197,3.958985,5,5,5
12,25,2,1,True,High,Clear,0,2,0,2,0,2,0,0.5112286,0,0.5112286,0,0.5112286,0.0874443,2,0,0,2,3,5,0.096968,0.2285478,0,0.3255158,0.4544107,0.7799265,0.7560745,4.60685,4.473888,0.1329613,4.919876,4.536044,0.3425364,1,0.42,2.59885,2.724424,7.573899,5,6,5
12,10,3,1,True,Low,Clear,0,0,0,0,2,2,0,0.0302529,0,0.0302529,0.3971302,0.4273831,0,2,7,0,9,0,9,0.1904608,0.6039457,0,0.7944065,0.1044036,0.8988101,0,0,0,0,5.067596,4.578633,0.5056624,1,-5.02,2.499676,1.961452,5.452836,6,6,6
12,20,1,2,False,High,Clear,4,2,0,6,18,24,0.6796245,0.4676957,0,1.14732,2.817794,3.965114,0.08868299,0,0,0,0,0,0,0,0,0,0,0,0,0,4.760574,4.474432,0.2903538,0,0,0,0,0.00,0,0,0,1,1,1
12,3,4,1,False,Low,Clear,0,2,0,2,0,2,0,0.7100586,0,0.7100586,0.2435373,0.9535959,0.1105963,0,3,0,3,3,6,0.0806115,0.4405717,0,0.5211833,0.3346789,0.8558621,0.9454219,4.409821,4.110911,0.3418989,4.916481,4.503762,0.4616461,1,1.04,2.441999,2.186167,6.077546,7,6,6
12,8,1,1,True,Low,Clear,2,4,0,6,4,10,0.1785813,1.111176,0,1.289757,0.7744089,2.064166,0.1178352,0,1,0,1,2,3,0.1037986,0.2683678,0,0.3721664,0.5760275,0.9481939,1.393301,4.725029,4.387644,0.2630582,5.000648,4.588201,0.4548635,1,2.19,2.211545,1.233734,3.42978,4,1,1
12,6,3,2,False,Low,Clear,0,1,0,1,3,4,0.2879996,0.3331415,0,0.6211411,0.3797625,1.000904,0.9178001,2,1,0,3,0,3,0.2509976,0.1081895,0,0.3591871,0.1754316,0.5346187,0.7871155,4.526924,4.287555,0.7550125,4.989876,4.660553,0.3187156,1,1.00,2.003446,0.7452989,2.919556,5,6,6
12,23,4,2,False,High,Clear,2,0,0,2,0,2,0.4672504,0.3313874,0,0.7986377,0.1597946,0.9584323,0.1107382,2,1,0,3,0,3,0.079601,0.3016619,0,0.3812629,0.2431218,0.6243847,0,4.491898,4.342323,0.1495743,4.924339,4.508595,0.1519556,1,0.87,1.965095,0.8628615,3.573365,5,6,6
12,7,4,2,False,Low,Clear,0,2,0,2,0,2,0,0.7731465,0,0.7731465,0.0708052,0.8439517,0.0882008,0,2,0,2,1,3,0.0608283,0.2559626,0,0.3167909,0.2725337,0.5893246,0,4.340721,4.180746,0.1599755,5.056541,4.505097,0.5010843,1,0.78,1.991542,0.9003795,3.786362,5,6,6
12,19,4,1,False,High,Clear,1,2,0,3,2,5,0.1790029,0.1798576,0,0.3588605,0.2335849,0.5924454,0.3435033,0,3,0,3,2,5,0,0.2374568,0,0.2374568,0.3779598,0.6154166,0,4.57373,4.391148,0.1825829,4.890915,4.447552,0.5622282,1,0.51,2.326883,2.819912,7.839356,7,6,7
12,17,2,1,False,High,Clear,0,0,0,0,2,2,0.2879846,0.1560919,0,0.4440765,0.3550772,0.7991537,0,1,2,0,3,2,5,0.0260573,0.5105997,0,0.536657,0.4089025,0.9455595,1.378119,4.532074,4.403697,0.1283774,4.71772,4.414209,0.2587571,1,0.73,2.395122,2.637844,7.333207,6,5,5
12,0,1,1,False,Low,Clear,1,2,0,3,1,4,1.108532,0.8199357,0,1.928467,0.0884233,2.016891,0.1141419,1,4,0,5,3,8,0.0403324,0.3796028,0,0.4199352,0.6830487,1.102984,0,4.514481,4.126508,0.3786983,4.903992,4.484446,0.3829947,1,2.00,2.21205,1.432153,3.981385,4,1,1
12,9,2,1,True,Low,Clear,2,0,0,2,0,2,0.2674511,0.3331037,0,0.6005548,0.0656912,0.6662461,0.0887404,0,2,0,2,2,4,0.160053,0.1438393,0,0.3038923,0.2276489,0.5315412,1.140142,4.647026,4.495176,0.1518502,4.985298,4.5436,0.4107857,1,0.58,2.600639,2.644546,7.351838,6,5,6
12,5,2,2,False,Low,Clear,0,0,0,0,2,2,0.1291318,0.153602,0,0.2827338,0.6731272,0.955861,0,0,0,0,0,2,2,0.0410382,0.2214653,0,0.2625035,0.2792458,0.5417493,0,4.472275,4.350317,0.1219573,5.064186,4.691195,0.2978892,1,0.89,1.854723,0.904246,3.918366,5,5,5
12,26,3,1,True,High,Clear,1,2,0,3,1,4,0.2754992,0.2276241,0,0.5031233,0.2853519,0.7884752,0.2448052,0,0,0,0,4,4,0,0.12863,0,0.12863,0.1243097,0.2529397,0,4.707809,4.382214,0,4.874046,4.52898,0.2669907,1,0.95,2.440717,2.521076,7.008591,7,6,6
12,1,2,1,False,Low,Clear,2,0,0,2,0,2,0.2871722,0.2213459,0,0.5085181,0.1562825,0.6648006,0.0703992,2,1,0,3,1,4,0.0625955,0.6598234,0,0.7224189,0.2943657,1.016785,0.9138107,4.609993,4.285616,0.3243766,4.692398,4.264074,0.5216885,1,0.78,2.639506,2.437817,6.777131,5,5,5
12,11,4,1,True,Low,Clear,2,4,0,6,0,6,0.4647314,0.354952,0,0.8196834,0.2251023,1.044786,0.0886772,0,0,0,0,4,4,0.0676598,0.2029636,0,0.2706234,0.2299999,0.5006233,0,4.522972,4.35329,0.1342411,4.755585,4.429862,0.3411622,1,0.98,2.313827,2.429732,6.754654,7,6,7
13,30,3,2,True,High,Clear,0,0,0,0,8,8,0,0,0,0,1.907025,1.907025,0,0,0,0,0,0,0,0,0,0,0,0,0,0,4.352158,4.110683,0.2441196,0,0,0,0,0.00,0,0,0,2,3,3
13,15,4,2,True,Low,Clear,0,0,0,0,6,6,0,0,0,0,0.9983432,0.9983432,0,0,0,0,0,0,0,0,0,0,0,0,0,0,4.359825,4.165689,0.2604432,4.444366,4.279317,0.1636457,1,1.22,2.289993,0.439207,1.411301,5,5,5
13,25,2,1,True,High,Clear,0,0,0,0,2,2,0,0,0,0,0.1766645,0.1766645,0,0,0,0,0,0,0,0,0,0,0,0,0,0,4.177063,4.009065,0.1679978,4.337036,4.167197,0.1642642,1,0.47,2.268204,2.911646,8.094377,7,6,4
13,7,4,2,False,Low,Clear,0,0,0,0,6,6,0,0,0,0,0.8464999,0.8464999,0,0,0,0,0,0,0,0,0,0,0,0,0,0,4.244698,4.132826,0.1909556,4.390808,4.204797,0.2459149,1,1.28,2.317874,0.3622928,1.106186,6,6,7
13,30,3,2,True,High,Clear,0,0,0,0,0,0,0,0,0,0,0,0,0,0,0,0,0,0,0,0,0,0,0,0,0,0,0,0,0,4.485718,4.268418,0.184155,1,-0.10,2.562473,1.219195,6.141449,7,5,5
13,19,4,1,False,High,Clear,0,0,0,0,4,4,0,0,0,0,0.7227729,0.7227729,0,0,0,0,0,0,0,0,0,0,0,0,0,0,4.053665,3.94444,0.2009354,4.094215,3.874075,0.23244,1,0.96,2.631833,2.200608,6.117692,7,7,6
13,29,2,2,True,High,Clear,0,0,0,0,2,2,0,0,0,0,0.2889212,0.2889212,0,0,0,0,0,0,0,0,0,0,0,0,0,0,4.203957,3.980829,0.2231276,4.2817,4.072051,0.1749396,1,0.44,2.593272,0.7841884,3.122086,6,6,6
13,16,1,1,False,High,Clear,0,0,0,0,2,2,0,0,0,0,0.3777646,0.3777646,0,0,0,0,0,2,2,0,0,0,0,0.3700095,0.3700095,0,4.13446,3.938332,0.1961288,4.436974,4.138531,0.2280159,1,0.42,2.34184,2.889258,8.032136,7,4,4
13,31,4,2,True,High,Clear,0,0,0,0,2,2,0,0.0212592,0,0.0212592,0.3799523,0.4012115,0,0,0,0,0,0,0,0,0,0,0,0,0,0,4.138268,4.057427,0.08084059,4.324989,4.131545,0.207603,1,0.40,2.525073,0.8721026,3.639542,7,6,7
13,4,1,2,False,Low,Clear,0,0,0,0,0,0,0,0,0,0,0,0,0,0,0,0,0,0,0,0,0,0,0,0,0,0,4.285065,3.866559,0.3800917,4.221764,4.186722,0.03504181,0,5.39,0.0227031,0,0,4,1,1
13,13,2,2,True,Low,Clear,0,0,0,0,2,2,0,0,0,0,0.6649764,0.6649764,0,0,0,0,0,0,0,0,0,0,0,0,0,0,4.39753,4.109054,0.288476,4.35511,4.06598,0.3780355,1,0.87,2.600166,0.4754897,1.55832,7,7,7
13,1,2,1,False,Low,Clear,0,0,0,0,0,0,0,0,0,0,0,0,0,0,0,0,0,1,1,0,0,0,0,0,0,0,0,0,0,4.456024,4.093601,0.4468288,1,-5.02,2.925099,2.424276,6.739487,6,7,7
13,2,3,1,False,Low,Clear,0,0,0,0,2,2,0,0,0,0,0.8048245,0.8048245,0,0,0,0,0,0,0,0,0,0,0,0,0,0,4.133698,3.951064,0.2063351,4.208557,4.023211,0.2075834,1,1.07,2.560982,2.143026,5.957612,7,7,7
13,22,3,2,False,High,Clear,0,0,0,0,0,0,0,0,0,0,0,0,0,0,0,0,0,0,0,0,0,0,0,0,0,0,0,0,0,4.575462,4.186374,0.2189131,1,-0.18,2.521082,1.196727,6.104859,6,6,6
13,24,1,1,True,High,Clear,0,0,0,0,0,0,0,0,0,0,0.0673825,0.0673825,0,0,0,0,0,4,4,0,0,0,0,0.4630879,0.4630879,0,4.332741,4.187861,0.1448798,4.758423,4.438782,0.2097349,1,0.02,2.309578,3.336197,9.274629,3,1,1
13,18,3,1,False,High,Clear,0,0,0,0,2,2,0,0,0,0,0.6900699,0.6900699,0,0,0,0,0,0,0,0,0,0,0,0,0,0,4.200348,4.089066,0.1928253,4.146461,3.968534,0.2495108,1,1.07,2.439606,2.223969,6.182633,7,7,6
13,20,1,2,False,High,Clear,0,0,0,0,4,4,0,0,0,0,0.4505189,0.4505189,0,0,0,0,0,0,0,0,0,0,0,0,0,0,4.276169,4.0159,0.2477913,0,0,0,0,0.00,0,0,0,3,1,1
13,11,4,1,True,Low,Clear,0,0,0,0,0,0,0,0,0,0,0,0,0,0,0,0,0,0,0,0,0,0,0,0,0,0,0,0,0,4.553474,4.297277,0.3035154,1,-2.76,2.394372,3.058714,25.48918,3,1,1
13,17,2,1,False,High,Clear,0,0,0,0,2,2,0,0,0,0,0.507246,0.507246,0,0,0,0,0,0,0,0,0,0,0,0,0,0,4.180946,4.035519,0.2276402,4.163635,3.897553,0.2120092,1,1.02,2.461766,2.2301,6.199677,7,7,7
13,5,2,2,False,Low,Clear,0,0,0,0,4,4,0,0,0,0,0.6664068,0.6664068,0,0,0,0,0,0,0,0,0,0,0,0,0,0,4.201836,4.02829,0.1735454,4.245987,3.984288,0.3438988,1,0.91,2.508894,0.5111455,1.740601,7,7,7
13,6,3,2,False,Low,Clear,0,0,0,0,2,2,0,0,0,0,0.4475645,0.4475645,0,0,0,0,0,0,0,0,0,0,0,0,0,0,4.175781,3.938174,0.2638183,4.218033,3.948076,0.3737459,1,1.22,2.398696,0.3503819,1.047394,7,7,7
13,27,4,1,True,High,Clear,0,0,0,0,4,4,0,0,0,0,0.6009035,0.6009035,0,0,0,0,0,0,0,0,0,0,0,0,0,0,4.236778,4.098664,0.1381145,4.14138,3.992462,0.1566081,1,0.86,2.443718,2.431647,6.75998,7,7,6
13,0,1,1,False,Low,Clear,0,0,0,0,9,9,0,0,0,0,1.936338,1.936338,0,0,0,0,0,0,0,0,0,0,0,0,0,0,4.29055,3.970629,0.3605549,4.260605,3.901968,0.3586366,0,6.77,0.3560142,0,0,4,1,1
13,3,4,1,False,Low,Clear,0,0,0,0,0,0,0,0,0,0,0,0,0,0,0,0,0,0,0,0,0,0,0,0,0,0,4.159988,3.893814,0.2661743,4.441246,4.172039,0.2907767,1,-5.02,2.180574,3.568652,9.920854,4,1,1
13,26,3,1,True,High,Clear,0,0,0,0,0,0,0,0,0,0,0,0,0,0,0,0,0,0,0,0,0,0,0,0,0,0,4.065453,4.065453,0,4.628929,4.292254,0.3369069,1,-0.08,2.375872,3.388588,9.420274,6,6,6
13,21,2,2,False,High,Clear,0,0,0,0,2,2,0,0,0,0,0.5338973,0.5338973,0,0,0,0,0,0,0,0,0,0,0,0,0,0,4.264565,4.187823,0.07674122,4.219849,3.948488,0.2879932,1,0.67,2.511802,0.6677005,2.487381,7,7,7
13,28,1,2,True,High,Clear,0,0,0,0,2,2,0,0,0,0,0.8195203,0.8195203,0,0,0,0,0,0,0,0,0,0,0,0,0,0,4.411629,4.245909,0.1767073,4.289505,4.111184,0.1783214,0,4.99,0.3768253,0,0,5,1,1
13,9,2,1,True,Low,Clear,0,0,0,0,0,0,0,0,0,0,0,0,0,0,0,0,0,0,0,0,0,0,0,0,0,0,0,0,0,4.467422,4.230524,0.24439,1,-2.90,2.323134,3.266869,27.2238,4,1,1
13,10,3,1,True,Low,Clear,0,0,0,0,0,0,0,0,0,0,0,0,0,0,0,0,0,2,2,0,0,0,0,0.4898657,0.4898657,0,0,0,0,4.38501,4.053367,0.4552174,1,-0.28,2.557967,3.398149,9.446855,6,7,7
13,8,1,1,True,Low,Clear,0,0,0,0,4,4,0,0,0,0,0.4902877,0.4902877,0,0,0,0,0,0,0,0,0,0,0,0,0,0,4.282196,3.998505,0.3167267,4.375961,4.203171,0.1837201,1,2.30,2.405068,0.951501,2.645173,5,1,1
13,12,1,2,True,Low,Clear,0,0,0,0,0,0,0,0,0,0,0,0,0,0,0,0,0,0,0,0,0,0,0,0,0,0,0,0,0,4.583054,4.345104,0.193933,1,-0.18,2.343174,1.268491,6.633317,4,1,1
13,14,3,2,True,Low,Clear,0,0,0,0,0,0,0,0,0,0,0,0,0,0,0,0,0,0,0,0,0,0,0,0,0,0,4.048302,3.968386,0.07991529,4.522186,4.252105,0.2340178,1,-0.04,2.242127,1.294758,6.770676,6,7,6
13,23,4,2,False,High,Clear,0,2,0,2,0,2,0,0.2018065,0,0.2018065,0.0858329,0.2876394,0.089057,0,0,0,0,2,2,0,0,0,0,0.2565153,0.2565153,0,4.200966,4.119694,0.08127165,4.378822,4.08404,0.2453284,1,0.20,2.489999,1.027358,4.681977,6,7,6
14,15,4,2,True,Low,Clear,0,0,0,0,0,0,0,0,0,0,0,0,0,0,0,0,0,0,0,0,0,0,0,0,0,0,0,0,0,5.084747,4.570913,0.6595125,1,-0.16,2.998306,0.9179263,3.977646,4,4,3
14,9,2,1,True,Low,Clear,0,0,0,0,2,2,0,0.0229924,0,0.0229924,0.2436172,0.2666096,0,0,0,0,0,0,0,0,0,0,0,0,0,0,4.811859,4.366757,0.3107471,4.730553,4.445315,0.339395,1,1.13,2.966087,1.700032,4.72609,6,6,6
14,28,1,2,True,High,Clear,5,0,0,5,15,20,1.193938,0.0444622,0,1.238401,2.862482,4.100883,0.0665972,0,0,0,0,0,0,0,0,0,0,0,0,0,4.620605,4.268111,0.33529,0,0,0,0,0.00,0,0,0,2,1,1
14,14,3,2,True,Low,Clear,0,0,0,0,2,2,0,0.0896724,0,0.0896724,0.7110416,0.800714,0,0,0,0,0,0,0,0,0,0,0,0,0,0,4.634903,4.425718,0.261179,5.157356,4.46067,0.7023883,1,1.00,2.727154,0.3213068,0.9604802,6,7,6
14,27,4,1,True,High,Clear,0,0,0,0,2,2,0,0.0214689,0,0.0214689,0.8643234,0.8857923,0,0,0,0,0,0,0,0,0,0,0,0,0,0,4.598541,4.312418,0.356554,4.763351,4.434499,0.3244858,1,1.03,2.788402,2.000609,5.561692,4,6,6
14,11,4,1,True,Low,Clear,0,0,0,0,2,2,0,0,0,0,0.6440148,0.6440148,0,0,0,0,0,1,1,0,0,0,0,0.134652,0.134652,0,4.501625,4.30702,0.04880667,4.812622,4.219787,0.719583,1,1.02,3.06346,1.76418,4.904419,5,7,7
14,16,1,1,False,High,Clear,2,0,0,2,8,10,0.5770406,0.1767117,0,0.7537522,2.056104,2.809856,3.199995,0,0,0,0,0,0,0,0,0,0,0,0,0,4.757637,4.388765,0.4192181,0,0,0,0,0.00,0,0,0,3,1,1
14,18,3,1,False,High,Clear,0,0,0,0,0,0,0,0,0,0,0,0,0,0,0,0,0,0,0,0,0,0,0,0,0,0,4.598122,4.461133,0.1806564,5.064377,4.295016,0.9090476,1,1.07,2.871298,1.84594,5.131714,5,6,6
14,23,4,2,False,High,Clear,0,0,0,0,2,2,0,0,0,0,0.5107392,0.5107392,0,0,0,0,0,0,0,0,0,0,0,0,0,0,4.568161,4.418585,0.1495757,5.394127,4.299524,1.426207,1,0.91,2.804807,0.3453056,1.065369,4,6,6
14,17,2,1,False,High,Clear,0,0,0,0,4,4,0,0.0434619,0,0.0434619,0.5559362,0.5993981,0,0,0,0,0,0,0,0,0,0,0,0,0,0,4.552887,4.395705,0.1361923,4.895683,4.232216,0.8250432,1,1.07,2.863357,1.888879,5.251084,5,5,6
14,31,4,2,True,High,Clear,0,0,0,0,0,0,0,0,0,0,0,0,0,0,0,0,0,0,0,0,0,0,0,0,0,0,4.247742,4.11494,0.4127929,4.580048,3.878203,0.8622811,1,1.04,2.789867,0.224443,0.6421972,6,7,7
14,19,4,1,False,High,Clear,0,0,0,0,0,0,0,0,0,0,0.0909106,0.0909106,0,0,0,0,0,0,0,0,0,0,0,0,0,0,4.511024,4.250179,0.2608457,4.76828,3.959437,1.00553,1,0.89,2.880911,1.989648,5.53122,7,7,7
14,1,2,1,False,Low,Clear,0,0,0,0,2,2,0,0.041619,0,0.041619,0.1575882,0.1992072,0,0,0,0,0,0,0,0,0,0,0,0.044898,0.044898,0,4.933548,4.581987,0.3515611,5.009895,4.070253,1.116761,1,0.58,3.194102,2.077742,5.776124,6,7,6
14,21,2,2,False,High,Clear,0,0,0,0,0,0,0,0,0,0,0,0,0,0,0,0,0,0,0,0,0,0,0,0,0,0,4.928368,4.360296,0.5680718,5.020348,4.272039,0.957345,1,0.79,2.854367,0.3627242,1.119111,6,7,7
14,0,1,1,False,Low,Clear,0,0,0,0,6,6,0,0,0,0,0.6636958,0.6636958,0,0,0,0,0,0,0,0,0,0,0,0,0,0,5.100975,4.506542,0.4736824,0,0,0,0,0.00,0,0,0,2,1,1
14,30,3,2,True,High,Clear,0,0,0,0,2,2,0,0,0,0,0.4451338,0.4451338,0,0,0,0,0,0,0,0,0,0,0,0,0,0,5.07019,4.579265,0.4909258,4.661018,4.025296,0.8119893,1,0.82,2.851455,0.3384848,1.033494,6,7,7
14,25,2,1,True,High,Clear,0,0,0,0,2,2,0,0.046952,0,0.046952,0.447007,0.493959,0,0,0,0,0,0,0,0,0,0,0,0,0,0,4.569176,4.483705,0.08547115,4.764381,3.960115,0.9967587,1,0.52,2.966279,2.376705,6.607239,6,7,6
14,30,3,2,True,High,Clear,0,0,0,0,0,0,0,0,0,0,0,0,0,0,0,0,0,0,0,0,0,0,0,0,0,0,4.592827,4.537004,0.05582285,5.09536,4.283611,0.8380661,1,0.26,2.803433,0.8019434,3.269761,7,7,7
14,26,3,1,True,High,Clear,0,0,0,0,4,4,0,0,0,0,0.6447743,0.6447743,0,0,0,0,0,0,0,0,0,0,0,0,0,0,4.748665,4.497959,0.1810818,4.768166,4.157511,0.8040228,1,1.13,2.770156,1.869174,5.196305,6,7,6
14,20,1,2,False,High,Clear,0,0,0,0,0,0,0,0,0,0,0,0,0,0,0,0,0,0,0,0,0,0,0,0,0,0,4.595207,4.479493,0.1157141,5.096283,4.462126,0.6145639,1,0.31,2.72914,0.7669379,3.053406,5,1,1
14,8,1,1,True,Low,Clear,0,0,0,0,6,6,0.0224552,0.0196409,0,0.0420961,1.315408,1.357504,0,0,0,0,0,3,3,0,0,0,0,0.0894668,0.0894668,0,4.570702,4.384323,0.1581354,4.94342,4.301908,0.7550693,1,1.93,2.767806,1.073456,2.984208,4,1,1
14,10,3,1,True,Low,Clear,0,0,0,0,4,4,0,0,0,0,0.6645441,0.6645441,0,0,0,0,0,0,0,0,0,0,0,0,0,0,4.855644,4.534046,0.417088,4.979691,4.164878,0.9595509,1,1.14,2.81738,1.812014,5.0374,5,7,6
14,5,2,2,False,Low,Clear,0,0,0,0,13,13,0.1538263,0,0,0.1538263,2.166169,2.319995,0,0,0,0,0,0,0,0,0,0,0,0,0,0,4.112854,3.957872,0.1549819,0,0,0,0,0.00,0,0,0,2,1,1
14,12,1,2,True,Low,Clear,4,0,0,4,18,22,0.8241906,0.085172,0,0.9093626,2.332088,3.241451,2.60208,0,0,0,0,0,0,0,0,0,0,0,0,0,4.652206,4.262647,0.4327412,0,0,0,0,0.00,0,0,0,2,1,1
14,7,4,2,False,Low,Clear,0,0,0,0,0,0,0,0,0,0,0.0666067,0.0666067,0,0,0,0,0,0,0,0,0,0,0,0,0,0,4.586113,4.418638,0.3815107,4.853844,4.185377,0.8678803,1,1.04,2.579616,0.3544686,1.070954,5,7,7
14,3,4,1,False,Low,Clear,0,0,0,0,0,0,0,0,0,0,0,0,0,0,0,0,0,0,0,0,0,0,0,0,0,0,4.568092,4.348778,0.6335983,5.014702,4.059344,1.129938,1,0.97,2.666456,2.09153,5.814454,6,7,7
14,6,3,2,False,Low,Clear,0,0,0,0,0,0,0,0,0,0,0,0,0,0,0,0,0,0,0,0,0,0,0,0,0,0,4.537094,4.372173,0.07249594,4.740883,4.143681,0.7911334,1,1.02,2.580531,0.3624858,1.129975,5,7,7
14,4,1,2,False,Low,Clear,3,0,0,3,6,9,0.333293,0.2448209,0,0.5781139,1.600486,2.1786,3.219268,0,0,0,0,0,0,0,0,0,0,0,0,0,4.65715,4.210963,0.4011679,0,0,0,0,0.00,0,0,0,2,1,1
14,2,3,1,False,Low,Clear,0,0,0,0,0,0,0,0,0,0,0,0,0,0,0,0,0,0,0,0,0,0,0,0,0,0,4.43187,3.907296,0.1542611,4.708466,4.239836,0.5737686,1,0.96,2.551595,2.226988,6.191025,4,7,7
14,22,3,2,False,High,Clear,0,0,0,0,0,0,0,0,0,0,0,0,0,0,0,0,0,0,0,0,0,0,0,0,0,0,4.510284,4.405992,0.1042929,4.734238,3.999479,1.041415,1,0.78,2.713162,0.4644457,1.566712,5,7,7
14,29,2,2,True,High,Clear,0,0,0,0,4,4,0,0,0,0,0.5108231,0.5108231,0,0,0,0,0,0,0,0,0,0,0,0,0,0,4.586693,4.418324,0.1683688,4.919319,4.155697,1.143062,1,0.85,2.714641,0.4524422,1.468308,5,7,7
14,13,2,2,True,Low,Clear,0,0,0,0,0,0,0,0,0,0,0,0,0,0,0,0,0,0,0,0,0,0,0,0,0,0,4.310783,4.158485,0.152298,4.71521,4.096438,0.7973857,1,0.79,2.608659,0.5504725,1.892136,4,7,6
14,24,1,1,True,High,Clear,0,0,0,0,6,6,0,0.2262785,0,0.2262785,1.79756,2.023839,0,0,0,0,0,1,1,0,0,0,0,0.4823266,0.4823266,0,4.517731,4.398602,0.1316667,4.931694,4.282413,0.947274,1,2.16,2.901361,0.7462044,2.074448,3,1,1
15,9,2,1,True,Low,Clear,0,0,0,0,0,0,0,0,0,0,0,0,0,0,0,0,0,0,0,0,0,0,0,0,0,0,0,0,0,4.727425,4.53021,0.1192026,1,-5.02,1.892371,16.23691,135.307,4,1,1
15,18,3,1,False,High,Clear,0,0,0,0,2,2,0,0,0,0,0.5736635,0.5736635,0,0,0,0,0,0,0,0,0,0,0,0,0,0,4.468063,4.276639,0.09573174,4.592018,4.352465,0.2870498,1,1.08,2.183748,2.407925,6.694031,7,7,5
15,22,3,2,False,High,Clear,0,0,0,0,3,3,0,0,0,0,0.9111975,0.9111975,0,0,0,0,0,1,1,0,0,0,0,0.3419619,0.3419619,0,4.383636,4.272034,0.07140732,4.554871,4.387889,0.1374373,1,1.10,2.441287,0.3991706,1.295426,7,6,5
15,9,2,1,True,Low,Clear,0,0,0,0,0,0,0,0,0,0,0,0,0,0,0,0,0,0,0,0,0,0,0,0,0,0,4.456207,4.456207,0,4.660591,4.439845,0.2111382,1,-0.08,2.09154,3.426592,10.57204,5,4,3
15,15,4,2,True,Low,Clear,0,0,0,0,0,0,0,0,0,0,0,0,0,0,0,0,0,0,0,0,0,0,0,0,0,0,0,0,0,4.628197,4.412166,0.1672912,1,-2.60,1.959107,3.260841,27.17357,1,1,1
15,24,1,1,True,High,Clear,0,0,0,0,0,0,0,0,0,0,0,0,0,0,0,0,0,0,0,0,0,0,0,0,0,0,4.18409,4.18409,0,4.637962,4.414437,0.1351829,1,-0.08,1.85569,3.182917,10.83876,4,1,1
15,31,4,2,True,High,Clear,0,0,0,0,6,6,0,0,0,0,0.5104915,0.5104915,0,0,0,0,0,0,0,0,0,0,0,0,0,0,4.363853,4.190332,0.09064817,4.471092,4.256061,0.2688675,1,1.51,1.762864,0.5317945,1.861969,6,5,4
15,26,3,1,True,High,Clear,0,0,0,0,0,0,0,0,0,0,0,0,0,0,0,0,0,2,2,0,0,0,0,0.4856983,0.4856983,0,4.143753,4.143753,0,4.39682,4.201656,0.1958551,1,0.02,2.226049,3.427114,9.527375,6,6,4
15,13,2,2,True,Low,Clear,0,0,0,0,0,0,0,0,0,0,0,0,0,0,0,0,0,0,0,0,0,0,0,0,0,0,0,0,0,4.680595,4.39795,0.1763439,1,-5.02,1.890153,11.0481,92.06709,2,1,1
15,2,3,1,False,Low,Clear,0,0,0,0,2,2,0,0,0,0,0.1780106,0.1780106,0,0,0,0,0,1,1,0,0,0,0,0.2629164,0.2629164,0,4.636253,4.395114,0.2411389,4.767654,4.441792,0.3673358,1,0.27,2.3703,3.032833,8.431275,7,7,7
15,17,2,1,False,High,Clear,0,0,0,0,4,4,0,0,0,0,0.6002767,0.6002767,0,0,0,0,0,5,5,0,0,0,0,1.066733,1.066733,0,4.443916,4.315739,0.1532059,4.464355,4.220295,0.2797108,1,1.04,2.690716,1.910702,5.311753,7,1,2
15,4,1,2,False,Low,Clear,0,0,0,0,6,6,0,0,0,0,1.047789,1.047789,0,0,0,0,0,0,0,0,0,0,0,0,0,0,4.468071,4.325888,0.115613,0,0,0,0,0.00,0,0,0,7,1,1
15,16,1,1,False,High,Clear,0,0,0,0,6,6,0,0.0682791,0,0.0682791,0.7084811,0.7767602,0,0,0,0,0,0,0,0,0,0,0,0,0,0,4.476212,4.321549,0.1134171,4.538269,4.338639,0.2293382,1,1.43,1.986266,2.178637,6.056611,4,1,1
15,30,3,2,True,High,Clear,0,0,0,0,0,0,0,0,0,0,0,0,0,0,0,0,0,0,0,0,0,0,0,0,0,0,4.545441,4.355887,0.1895533,4.590546,4.403879,0.1547532,1,0.07,1.892284,1.406006,7.892334,5,4,1
15,21,2,2,False,High,Clear,0,0,0,0,2,2,0,0,0,0,0.4877661,0.4877661,0,0,0,0,0,12,12,0,0,0,0,1.532241,1.532241,0,4.505241,4.287127,0.2181144,4.553467,4.340667,0.224546,1,0.71,2.768021,0.5223769,1.795563,4,2,1
15,10,3,1,True,Low,Clear,0,0,0,0,2,2,0,0,0,0,0.2870697,0.2870697,0,0,0,0,0,5,5,0,0,0,0,0.4937508,0.4937508,0,4.272514,4.199251,0.07326317,4.461319,4.323572,0.144711,1,0.60,2.233483,2.860853,7.953171,7,7,6
15,27,4,1,True,High,Clear,0,0,0,0,0,0,0,0,0,0,0,0,0,0,0,0,0,2,2,0,0,0,0,0.6530389,0.6530389,0,0,0,0,4.596977,4.367096,0.2396107,1,-0.14,1.987225,3.179369,10.6232,4,6,3
15,6,3,2,False,Low,Clear,0,0,0,0,0,0,0,0,0,0,0,0,0,0,0,0,0,0,0,0,0,0,0,0,0,0,0,0,0,4.624588,4.418005,0.1853909,1,-5.02,1.97404,5.77749,48.14555,4,1,1
15,3,4,1,False,Low,Clear,0,0,0,0,4,4,0,0,0,0,0.6569075,0.6569075,0,0,0,0,0,0,0,0,0,0,0,0,0,0,4.198868,4.086854,0.2500675,4.37886,4.124273,0.286932,1,1.05,2.012288,2.464542,6.851426,7,7,6
15,23,4,2,False,High,Clear,0,0,0,0,4,4,0,0,0,0,0.8012527,0.8012527,0,0,0,0,0,0,0,0,0,0,0,0,0,0,4.262268,4.103712,0.09948826,4.423477,4.193805,0.2562594,1,1.35,2.057615,0.4420509,1.448731,6,7,7
15,20,1,2,False,High,Clear,0,0,0,0,5,5,0,0,0,0,0.6902494,0.6902494,0,0,0,0,0,0,0,0,0,0,0,0,0,0,4.490334,4.306441,0.1438966,4.476555,4.341663,0.1348915,0,4.89,0.5086085,0,0,4,1,1
15,0,1,1,False,Low,Clear,0,0,0,0,2,2,0,0,0,0,0.1134005,0.1134005,0,0,0,0,0,2,2,0,0,0,0,0,0,0,4.322624,4.281905,0.04071903,4.506393,4.261093,0.2083683,1,0.27,2.05455,3.33022,9.258012,4,1,1
15,28,1,2,True,High,Clear,0,0,0,0,0,0,0,0,0,0,0,0,0,0,0,0,0,0,0,0,0,0,0,0,0,0,4.5709,4.513138,0.05776215,4.624001,4.284781,0.2230015,1,-5.02,1.792296,1.494498,8.676011,4,1,1
15,7,4,2,False,Low,Clear,0,0,0,0,4,4,0,0,0,0,0.7064744,0.7064744,0,0,0,0,0,0,0,0,0,0,0,0,0,0,4.502975,4.371269,0.09499121,4.458832,4.249427,0.1831379,1,1.20,1.852207,0.6934901,2.627839,7,7,7
15,8,1,1,True,Low,Clear,0,0,0,0,3,3,0,0,0,0,0.5564773,0.5564773,0,0,0,0,0,0,0,0,0,0,0,0,0,0,4.399445,4.194646,0.1510592,4.448456,4.213647,0.2436261,1,1.73,2.092069,1.880026,5.226471,7,1,1
15,5,2,2,False,Low,Clear,0,0,0,0,0,0,0,0,0,0,0,0,0,0,0,0,0,0,0,0,0,0,0,0,0,0,4.437088,4.394878,0.0422101,4.452744,4.26332,0.1875782,1,0.17,1.661337,1.451876,8.196275,2,1,1
15,19,4,1,False,High,Clear,0,0,0,0,4,4,0,0,0,0,0.513593,0.513593,0,0,0,0,0,6,6,0,0,0,0,0.6030776,0.6030776,0,4.115158,3.97046,0.1062756,4.375221,4.152021,0.1699624,1,1.07,2.193349,2.314967,6.435608,7,6,7
15,25,2,1,True,High,Clear,0,0,0,0,0,0,0,0,0,0,0,0,0,0,0,0,0,0,0,0,0,0,0,0.1000098,0.1000098,0,4.268845,4.106951,0.1618934,4.403969,4.1301,0.2499747,1,0.02,1.859552,3.447319,10.41536,4,3,4
15,12,1,2,True,Low,Clear,0,0,0,0,0,0,0,0,0,0,0,0,0,0,0,0,0,0,0,0,0,0,0,0,0,0,0,0,0,4.517731,4.255688,0.2141337,1,-5.02,1.888513,10.7446,89.53799,1,1,1
15,1,2,1,False,Low,Clear,0,0,0,0,4,4,0,0,0,0,0.5377091,0.5377091,0,0,0,0,0,4,4,0,0,0,0,0.5555237,0.5555237,0,4.10334,3.92759,0.06350231,4.255302,3.996346,0.2943077,1,1.08,2.417839,2.215648,6.159501,6,2,5
15,29,2,2,True,High,Clear,0,0,0,0,0,0,0,0,0,0,0,0,0,0,0,0,0,1,1,0,0,0,0,0.1139757,0.1139757,0,0,0,0,4.457443,4.250037,0.2215848,1,-0.10,2.138674,1.375919,7.591355,6,4,3
15,11,4,1,True,Low,Clear,0,0,0,0,4,4,0,0,0,0,0.6580663,0.6580663,0,0,0,0,0,0,0,0,0,0,0,0,0,0,4.317482,4.243977,0.07350492,4.320259,4.099481,0.2279401,1,0.68,2.142338,2.802623,7.791291,7,6,7
15,14,3,2,True,Low,Clear,0,0,0,0,0,0,0,0,0,0,0,0,0,0,0,0,0,5,5,0,0,0,0,0.1761874,0.1761874,0,4.31736,4.206068,0.1112919,4.579826,4.262681,0.2329726,1,-5.02,1.854972,1.508206,8.900376,1,2,1
16,18,3,1,False,High,Clear,0,0,0,0,2,2,0.4679915,0,0,0.4679915,0.8527994,1.320791,0,0,0,0,0,0,0,0,0,0,0,0,0,0,4.165794,3.974047,0.2091374,4.067825,3.829639,0.1738691,1,1.78,2.635724,1.275662,3.546341,4,5,6
16,29,2,2,True,High,Clear,0,0,0,0,0,0,0,0,0,0,0,0,0,0,0,0,0,0,0,0,0,0,0,0,0,0,4.095009,3.958972,0.1360371,4.095009,3.89454,0.1920073,1,0.04,2.646773,0.9452457,4.247269,5,6,6
16,26,3,1,True,High,Clear,0,0,0,0,0,0,0,0,0,0,0,0,0,0,0,0,0,0,0,0,0,0,0,0,0,0,3.590851,3.590851,0,3.929268,3.750914,0.195636,1,-0.08,2.61718,3.142038,8.734864,5,6,6
16,17,2,1,False,High,Clear,2,0,0,2,0,2,0.5536292,0,0,0.5536292,0.1794169,0.7330461,0.087853,0,0,0,0,0,0,0,0,0,0,0,0,0,4.155861,3.883416,0.2122827,4.083366,3.809794,0.276257,1,1.09,2.547663,2.063955,5.737793,4,5,5
16,26,3,1,True,High,Clear,0,0,0,0,2,2,0,0,0,0,0.4227016,0.4227016,0,0,0,0,0,0,0,0,0,0,0,0,0,0,4.195351,4.111835,0.08351612,4.223755,3.965292,0.2236767,1,0.76,2.534229,2.421158,6.73082,5,6,6
16,16,1,1,False,High,Clear,0,0,0,0,2,2,0.5086033,0,0,0.5086033,1.001917,1.51052,0,0,0,0,0,0,0,0,0,0,0,0,0,0,4.03936,3.777759,0.2255731,3.8825,3.699842,0.2763145,1,2.06,2.635191,0.9881879,2.747162,5,6,6
16,6,3,2,False,Low,Clear,0,0,0,0,2,2,0.1544552,0,0,0.1544552,0.4887195,0.6431747,0,0,0,0,0,0,0,0,0,0,0,0,0,0,4.158218,3.860216,0.2640548,4.054451,3.581182,0.5705931,1,1.04,2.849227,0.08345149,0.2319951,6,6,6
16,25,2,1,True,High,Clear,0,0,0,0,2,2,0.3348324,0,0,0.3348324,0.265175,0.6000074,0,0,0,0,0,0,0,0,0,0,0,0,0,0,3.682404,3.588278,0.1112912,3.700027,3.456248,0.2918506,1,1.04,2.821289,1.875986,5.215241,6,6,6
16,2,3,1,False,Low,Clear,2,0,0,2,0,2,0.8414234,0.0220318,0,0.8634552,0.0248192,0.8882744,0.0892133,0,0,0,0,0,0,0,0,0,0,0,0,0,3.683434,3.386737,0.3354347,3.672882,3.486429,0.2248456,1,1.41,2.724051,1.570761,4.366715,6,6,6
16,1,2,1,False,Low,Clear,2,0,0,2,0,2,0.2225668,0,0,0.2225668,0.2216266,0.4441934,0.0675191,2,0,0,2,2,4,0.3886603,0.064136,0,0.4527963,0.7520381,1.204834,0.4888708,3.749512,3.534999,0.113904,4.167641,3.690886,0.4868081,1,1.15,2.858057,1.724759,4.794831,6,7,7
16,12,1,2,True,Low,Clear,0,0,0,0,15,15,0.2906634,0,0,0.2906634,3.242714,3.533378,0,0,0,0,0,0,0,0,0,0,0,0,0,0,4.117134,3.772706,0.3202586,0,0,0,0,0.00,0,0,0,4,1,1
16,28,1,2,True,High,Clear,0,0,0,0,9,9,0.840228,0,0,0.840228,1.75758,2.597808,0,0,0,0,0,0,0,0,0,0,0,0,0,0,3.809715,3.464966,0.2844021,3.81871,3.745264,0.07344627,0,5.15,0.2436326,0,0,4,1,1
16,20,1,2,False,High,Clear,0,0,0,0,10,10,0.5748949,0,0,0.5748949,2.167454,2.742349,0,0,0,0,0,0,0,0,0,0,0,0,0,0,4.055283,3.852556,0.1836321,0,0,0,0,0.00,0,0,0,4,1,1
16,31,4,2,True,High,Clear,0,0,0,0,0,0,0,0,0,0,0,0,0,0,0,0,0,0,0,0,0,0,0,0,0,0,4.103577,4.050648,0.05292892,4.132332,3.880962,0.2425125,1,-5.02,2.501449,1.104376,5.28035,5,1,1
16,30,3,2,True,High,Clear,0,0,0,0,2,2,0,0,0,0,0.3781263,0.3781263,0,0,0,0,0,0,0,0,0,0,0,0,0,0,3.687355,3.536809,0.1505456,3.643936,3.403002,0.3270435,1,0.60,2.907387,0.4459515,1.475785,6,6,7
16,15,4,2,True,Low,Clear,0,0,0,0,0,0,0,0,0,0,0,0,0,0,2,0,2,0,2,0,0.1348125,0,0.1348125,0,0.1348125,0.2752026,3.783905,3.763865,0.0200398,3.927536,3.56989,0.4268696,1,0.08,3.058855,0.7076753,2.749527,6,6,6
16,10,3,1,True,Low,Clear,0,0,0,0,0,0,0,0.0676918,0,0.0676918,0.0202823,0.0879741,0,0,0,0,0,0,0,0,0,0,0,0,0,0,3.901367,3.794568,0.1067994,4.002739,3.794562,0.2745478,1,0.10,2.674083,2.925066,8.131684,4,5,5
16,9,2,1,True,Low,Clear,0,0,0,0,2,2,0.0427105,0,0,0.0427105,0.6333221,0.6760325,0,0,0,0,0,0,0,0,0,0,0,0,0,0,3.812752,3.488437,0.0789032,3.78717,3.416977,0.4404516,1,1.05,2.918213,1.752428,4.87175,5,6,6
16,27,4,1,True,High,Clear,0,0,0,0,2,2,0.0653815,0.0244667,0,0.0898482,0.3773361,0.4671843,0,0,0,0,0,0,0,0,0,0,0,0,0,0,3.787491,3.63873,0.1487613,3.787491,3.374051,0.5264375,1,0.40,3.008382,2.333843,6.488083,4,5,5
16,4,1,2,False,Low,Clear,4,2,0,6,14,20,0.8849413,0.4253936,0,1.310335,2.688974,3.999309,0.1119892,0,0,0,0,0,0,0,0,0,0,0,0,0,3.921928,3.648106,0.1786008,0,0,0,0,0.00,0,0,0,4,1,1
16,19,4,1,False,High,Clear,0,0,0,0,2,2,0.0443558,0,0,0.0443558,0.4334141,0.4777699,0,0,0,0,0,0,0,0,0,0,0,0,0,0,3.537773,3.428228,0.09072423,3.71904,3.252456,0.5150111,1,1.06,3.051089,1.610154,4.476227,6,6,7
16,13,2,2,True,Low,Clear,0,2,0,2,2,4,0.1785767,0.1546769,0,0.3332536,0.380049,0.7133026,0.0889908,0,0,0,0,0,0,0,0,0,0,0,0,0,3.615456,3.348149,0.1284184,3.658188,3.320508,0.4210062,-1,1.18,2.485854,-0.06677623,-0.1856379,4,5,7
16,8,1,1,True,Low,Clear,0,0,0,0,2,2,0.5531076,0,0,0.5531076,0.6456406,1.198748,0,0,0,0,0,0,0,0,0,0,0,0,0,0,4.020821,3.854802,0.1115081,3.870667,3.637872,0.2940347,1,1.40,2.711864,1.573434,4.374146,4,1,1
16,0,1,1,False,Low,Clear,0,0,0,0,0,0,0,0,0,0,0,0,0,0,0,0,0,0,0,0,0,0,0,0,0,0,0,0,0,3.761826,3.532933,0.2430103,-1,-5.02,2.314733,0,0,5,1,1
16,23,4,2,False,High,Clear,0,0,0,0,0,0,0,0,0,0,0,0,0,0,0,0,0,0,0,0,0,0,0,0,0,0,3.515808,3.454353,0.06145477,3.921379,3.428281,0.4669976,1,-0.06,2.785715,0.9506757,4.271668,4,1,1
16,0,1,1,False,Low,Clear,0,0,0,0,0,0,0.0441125,0,0,0.0441125,0,0.0441125,0,3,0,0,3,0,3,0.3192379,0.0343025,0,0.3535404,0.2586644,0.6122048,0,3.945198,3.919716,0.02548218,4.012764,3.619904,0.4619472,1,-0.04,2.954192,2.786184,7.745591,5,1,1
16,23,4,2,False,High,Clear,2,0,0,2,2,4,0.4882037,0.1794464,0,0.6676501,0.1312707,0.7989208,0.0884425,0,0,0,0,0,0,0,0,0,0,0,0,0,3.697784,3.359694,0.0886662,3.574615,3.206673,0.4870212,1,0.98,3.014103,-0.03220245,-0.0895228,6,6,7
16,24,1,1,True,High,Clear,0,0,0,0,0,0,0,0,0,0,0,0,0,0,0,0,0,0,0,0,0,0,0,0,0,0,3.619896,3.592005,0.02789092,3.795105,3.580909,0.2395551,1,0.04,2.555162,3.068773,8.53119,5,1,1
16,21,2,2,False,High,Clear,0,0,0,0,2,2,0.2465301,0.2430158,0,0.4895459,0.3329802,0.8225261,0,0,0,0,0,0,0,0,0,0,0,0,0,0,3.668793,3.352164,0.1713486,3.65892,3.256476,0.5356674,-1,1.02,2.60561,-0.06468501,-0.1798243,6,6,7
16,5,2,2,False,Low,Clear,0,2,0,2,0,2,0,0.1939101,0,0.1939101,0.09190251,0.2858126,0.1995262,0,1,0,1,0,1,0,0.09046759,0,0.09046759,0.0213683,0.1118359,0,3.967545,3.746668,0.2208767,3.934845,3.513545,0.5603471,1,0.33,3.096019,0.5353865,1.891678,5,6,5
16,7,4,2,False,Low,Clear,0,0,0,0,2,2,0.0241931,0.1323522,0,0.1565453,0.7123606,0.8689059,0,0,0,0,0,0,0,0,0,0,0,0,0,0,3.680618,3.380961,0.2504578,3.715759,3.403995,0.2792532,1,1.19,2.584737,0.1866385,0.5340276,4,6,5
16,3,4,1,False,Low,Clear,2,1,0,3,0,3,0.5793152,0.1072715,0,0.6865867,0.1567362,0.8433229,0.0885378,0,0,0,0,0,0,0,0,0,0,0,0,0,3.499733,3.350186,0.2059798,3.683296,3.357129,0.3789866,1,1.11,2.680121,1.87581,5.214753,5,6,7
16,11,4,1,True,Low,Clear,0,0,0,0,0,0,0,0,0,0,0,0,0,0,0,0,0,0,0,0,0,0,0,0,0,0,3.799622,3.799622,0,4.058037,3.483618,0.7730191,1,-0.08,2.766615,3.030978,8.426118,4,5,5
16,22,3,2,False,High,Clear,0,0,0,0,2,2,0.1777302,0,0,0.1777302,0.57807,0.7558002,0,0,0,0,0,0,0,0,0,0,0,0,0,0,3.688309,3.612793,0.07551599,3.856926,3.251079,0.6592407,1,0.91,3.028976,0.03572661,0.09931997,4,6,6
16,14,3,2,True,Low,Clear,0,0,0,0,2,2,0,0,0,0,0.155259,0.155259,0,0,0,0,0,1,1,0,0.0450324,0,0.0450324,0.199635,0.2446674,0,3.849411,3.811879,0.03753161,3.855843,3.577497,0.3776033,1,0.09,2.779419,0.9037471,3.887284,5,6,5
17,0,1,1,False,Low,Clear,0,0,0,0,1,1,0,0,0,0,0.2442716,0.2442716,0,0,0,0,0,2,2,0,0,0,0,0.2059524,0.2059524,0,5.047646,4.833564,0.1901374,5.322937,4.8672,0.3367438,1,1.52,2.007197,2.18519,6.07483,4,1,1
17,22,3,2,False,High,Clear,0,0,0,0,4,4,0,0,0,0,0.5148957,0.5148957,0,0,0,0,0,0,0,0,0,0,0,0,0,0,4.833702,4.566153,0.4725189,4.997284,4.551507,0.3196502,1,0.95,1.713362,0.9441145,4.181763,6,6,7
17,14,3,2,True,Low,Clear,0,0,0,0,0,0,0,0,0,0,0.1341962,0.1341962,0,0,0,0,0,0,0,0,0,0,0,0.1573713,0.1573713,0,4.89502,4.658569,0.2364502,5.027031,4.75482,0.1978817,1,0.89,1.74739,0.9774326,4.423172,6,6,7
17,25,2,1,True,High,Clear,0,0,0,0,3,3,0,0,0,0,0.3545983,0.3545983,0,0,0,0,0,0,0,0,0,0,0,0,0,0,4.925529,4.678414,0.2471151,4.994026,4.692229,0.2832513,1,0.73,1.640707,3.331296,9.261003,6,5,7
17,28,1,2,True,High,Clear,0,0,0,0,2,2,0,0,0,0,0.3782712,0.3782712,0,0,0,0,0,0,0,0,0,0,0,0,0,0,5.219139,4.846591,0.3598557,0,0,0,0,0.00,0,0,0,1,1,1
17,5,2,2,False,Low,Clear,0,0,0,0,0,0,0,0,0,0,0,0,0,0,0,0,0,0,0,0,0,0,0,0,0,0,5.11734,4.956951,0.1852775,5.222923,5.019207,0.2037163,0,-5.02,0.621794,0,0,4,4,6
17,15,4,2,True,Low,Clear,0,0,0,0,4,4,0,0,0,0,0.6423243,0.6423243,0,0,0,0,0,0,0,0,0,0,0,0,0,0,5.144951,4.858721,0.2963095,0,0,0,0,0.00,0,0,0,3,4,4
17,17,2,1,False,High,Clear,0,0,0,0,0,0,0,0,0,0,0,0,0,0,0,0,0,0,0,0,0,0,0,0,0,0,5.179085,5.049292,0.1297932,5.188919,4.725601,0.5841613,1,0.06,1.803273,3.295604,10.58974,6,1,1
17,18,3,1,False,High,Clear,0,0,0,0,0,0,0,0,0,0,0,0,0,0,0,0,0,0,0,0,0,0,0,0,0,0,4.836777,4.748209,0.08856821,4.791763,4.537083,0.3632283,1,0.15,1.763001,3.332082,10.4937,5,1,1
17,16,1,1,False,High,Clear,0,0,0,0,4,4,0,0,0,0,0.9920399,0.9920399,0,0,0,0,0,0,0,0,0,0,0,0,0,0,5.131088,4.880471,0.213275,4.897659,4.637977,0.2755938,1,1.59,1.680541,2.318381,6.445099,6,1,1
17,15,4,2,True,Low,Clear,0,0,0,0,2,2,0,0,0,0,0.3980531,0.3980531,0,0,0,0,0,0,0,0,0,0,0,0.1314135,0.1314135,0,5.132454,5.041302,0.1574035,5.19651,4.889648,0.1455355,1,1.13,1.643582,0.837163,3.493729,7,7,7
17,26,3,1,True,High,Clear,0,0,0,0,3,3,0,0,0,0,0.808643,0.808643,0,0,0,0,0,1,1,0,0,0,0,0.3700095,0.3700095,0,5.297638,5.136044,0.09921551,5.151825,4.861626,0.3965917,1,1.08,1.667648,2.848361,7.918442,7,7,7
17,11,4,1,True,Low,Clear,0,0,0,0,2,2,0,0,0,0,0.3339006,0.3339006,0,0,0,0,0,0,0,0,0,0,0,0.139262,0.139262,0,5.104622,4.936164,0.1279335,5.094841,4.65771,0.259037,1,0.99,1.775616,2.843371,7.904572,6,7,7
17,29,2,2,True,High,Clear,0,0,0,0,3,3,0,0,0,0,0.6182977,0.6182977,0,0,0,0,0,0,0,0,0,0,0,0,0,0,5.356293,5.085666,0.2975965,0,0,0,0,0.00,0,0,0,3,6,4
17,13,2,2,True,Low,Clear,2,0,0,2,4,6,0.1563277,0,0,0.1563277,0.5574673,0.7137949,0.2443569,0,0,0,0,0,0,0,0,0,0,0,0,0,5.192719,4.979599,0.1504593,4.899918,4.363457,0.6901674,1,0.98,1.870991,0.9380504,4.06485,5,6,6
17,2,3,1,False,Low,Clear,4,0,0,4,0,4,0.6656204,0.0434424,0,0.7090628,0.0679074,0.7769702,0.1356005,0,1,0,1,0,1,0,0.06278799,0,0.06278799,0.2019028,0.2646908,2.175166,4.816856,4.717923,0.137918,4.559464,4.289297,0.3027744,1,1.04,2.175166,2.620576,7.285203,6,7,7
17,8,1,1,True,Low,Clear,2,2,0,4,0,4,0.6213725,0.1319458,0,0.7533183,1.225443,1.978761,0.1105903,0,0,0,0,0,0,0,0,0,0,0,0,0,5.150337,4.897154,0.1892753,5.228142,4.875659,0.3412976,1,2.02,1.911176,1.723519,4.791382,6,1,1
17,13,2,2,True,Low,Clear,0,0,0,0,2,2,0.6879784,0,0,0.6879784,0.4895372,1.177516,0,0,0,0,0,0,0,0,0,0,0,0,0,0,5.026993,4.922307,0.07447195,5.094574,4.613506,0.6434913,1,1.09,1.887923,0.767003,3.053666,4,5,7
17,19,4,1,False,High,Clear,1,0,0,1,2,3,0.2907694,0.0229145,0,0.3136839,0.4872895,0.8009734,0.5392394,0,1,0,1,1,2,0,0.1688609,0,0.1688609,0.0836545,0.2525154,0.5392394,4.804497,4.577269,0.2564812,4.976257,4.5026,0.5582833,1,0.98,1.877259,2.820719,7.841599,7,7,7
17,24,1,1,True,High,Clear,3,0,0,3,1,4,0.6636961,0.09048159,0,0.7541776,0.7574046,1.511582,0.089009,0,0,0,0,3,3,0,0.041603,0,0.041603,0.3348206,0.3764236,0,5.176537,4.994148,0.1475887,5.214951,4.792119,0.3028784,1,1.55,1.846552,2.146714,5.967865,7,1,1
17,12,1,2,True,Low,Clear,2,0,0,2,17,19,1.356752,0.0669211,0,1.423673,2.420212,3.843884,1.75982,0,0,0,0,0,0,0,0,0,0,0,0,0,5.11026,4.949603,0.1202002,0,0,0,0,0.00,0,0,0,3,1,1
17,30,3,2,True,High,Clear,0,0,0,0,2,2,0.0449932,0,0,0.0449932,0.5440044,0.5889977,0,0,0,0,0,2,2,0.0400722,0,0,0.0400722,0.2080307,0.2481029,0,5.251114,5.142039,0.1090751,5.197479,4.691751,0.3353601,1,0.81,1.827807,0.9991406,4.617325,6,7,7
17,27,4,1,True,High,Clear,0,0,0,0,0,0,0,0,0,0,0,0,0,0,0,0,0,0,0,0,0,0,0,0,0,0,4.95681,4.775532,0.1812782,4.990578,4.67544,0.4958982,1,-5.02,1.954155,3.476086,10.50227,5,1,1
17,1,2,1,False,Low,Clear,0,0,0,0,2,2,0.39744,0.1049461,0,0.5023861,0.280619,0.7830051,0,4,0,0,4,0,4,0.499391,0,0,0.499391,0.0674301,0.5668212,1.330916,4.9506,4.658624,0.291976,4.923477,4.623979,0.2054915,1,0.94,1.985558,2.777144,7.720459,6,4,7
17,27,4,1,True,High,Clear,4,0,0,4,0,4,0.4670928,0.1340116,0,0.6011044,0.1995754,0.8006798,0.0882004,0,1,0,1,1,2,0.0229568,0.0622034,0,0.0851602,0.1808671,0.2660273,0.6990721,4.927231,4.80989,0.117341,5.016823,4.585282,0.494771,1,0.91,1.901602,2.909193,8.087556,7,7,7
17,6,3,2,False,Low,Clear,4,0,0,4,0,4,0.6344877,0.1152234,0,0.7497111,0.0409771,0.7906882,0.0873846,0,0,0,0,2,2,0,0,0,0,0.2225823,0.2225823,0,5.03788,4.779557,0.2583227,4.946228,4.538424,0.3581238,1,0.85,1.972578,0.9225377,4.056672,5,6,7
17,10,3,1,True,Low,Clear,2,0,0,2,0,2,0.5726554,0.0714718,0,0.6441272,0.155772,0.7998992,0.0914885,2,0,0,2,2,4,0.1113476,0.261314,0,0.3726616,0.3432563,0.7159179,1.898775,5.029472,4.915412,0.1140604,5.03968,4.794838,0.2337093,1,0.93,1.943716,2.846193,7.912415,7,6,7
17,9,2,1,True,Low,Clear,2,3,0,5,0,5,2.198488,0.2359254,0,2.434413,0,2.434413,0.07738841,0,2,0,2,0,2,0,0.1818938,0,0.1818938,0.0371932,0.219087,0.6742402,4.864975,4.607121,0.210443,4.916916,4.574735,0.4695015,1,2.51,1.8485,1.301646,3.618577,7,4,5
17,3,4,1,False,Low,Clear,2,0,0,2,0,2,0.4437048,0.1127328,0,0.5564376,0.2557134,0.812151,0.1560991,0,0,0,0,0,0,0,0.0409092,0,0.0409092,0.0957367,0.1366459,0,4.858459,4.663165,0.05062389,4.961899,4.634644,0.3350859,1,1.03,1.810203,2.842213,7.901352,7,7,7
17,7,4,2,False,Low,Clear,0,2,0,2,0,2,0.5293469,0.4020855,0,0.9314324,0,0.9314324,0.1111264,0,5,0,5,1,6,0,0.7682888,0,0.7682888,0.2047655,0.9730543,0.768267,4.809616,4.609097,0.1231537,5.209045,4.74927,0.2162347,1,0.98,1.722942,0.9130237,4.044053,6,7,7
17,31,4,2,True,High,Clear,0,0,0,0,2,2,0.2464214,0.0657332,0,0.3121546,0.4023477,0.7145023,0,1,4,0,5,0,5,0.1693821,0.3333842,0,0.5027664,0.1475097,0.6502761,0.5779189,4.923889,4.842553,0.08133602,4.990173,4.721084,0.2690892,1,0.89,1.797878,0.9522548,4.278763,6,7,7
17,21,2,2,False,High,Clear,0,2,0,2,0,2,0,0.2005972,0,0.2005972,0,0.2005972,0.0885173,0,5,0,5,0,5,0.1511588,0.6374507,0,0.7886095,0.0852239,0.8738334,0,4.770531,4.727874,0.04265642,5.012436,4.725042,0.2060647,1,0.11,1.898592,1.389748,7.801072,6,4,6
17,20,1,2,False,High,Clear,0,0,0,0,14,14,0.445464,0,0,0.445464,3.39955,3.845014,0,0,0,0,0,0,0,0,0,0,0,0,0,0,5.044258,4.697793,0.3153749,4.898438,4.793716,0.1047215,0,5.16,0.2211068,0,0,3,1,1
17,4,1,2,False,Low,Clear,0,0,0,0,15,15,0.0439087,0,0,0.0439087,4.198948,4.242857,0,0,0,0,0,0,0,0,0,0,0,0,0,0,4.888733,4.604225,0.300437,0,0,0,0,0.00,0,0,0,4,1,1
17,23,4,2,False,High,Clear,0,0,0,0,2,2,0.1548461,0,0,0.1548461,0.4900398,0.6448859,0,1,2,0,3,6,9,0.2470466,0.550479,0,0.7975256,0.0622813,0.8598069,0.8635126,4.783905,4.639501,0.1444044,4.95694,4.686906,0.1571598,1,0.78,1.913292,0.9428235,4.266556,5,7,7
18,11,4,1,True,Low,Clear,0,0,0,0,4,4,0,0,0,0,0.6193005,0.6193005,0,0,0,0,0,0,0,0,0,0,0,0,0,0,4.412727,4.241251,0.1714768,4.558243,4.192254,0.3696508,1,0.62,2.889987,2.270486,6.311951,6,6,5
18,13,2,2,True,Low,Clear,0,0,0,0,0,0,0,0,0,0,0,0,0,0,0,0,0,0,0,0,0,0,0,0,0,0,4.265739,4.090785,0.1749549,4.495567,4.256967,0.1495128,1,0.04,2.340537,1.165097,5.794373,4,1,1
18,14,3,2,True,Low,Clear,0,0,0,0,4,4,0,0,0,0,1.15387,1.15387,0,0,0,0,0,0,0,0,0,0,0,0,0,0,4.271492,3.949493,0.3622239,0,0,0,0,0.00,0,0,0,2,4,5
18,2,3,1,False,Low,Clear,0,0,0,0,0,0,0,0,0,0,0.0899092,0.0899092,0,0,0,0,0,0,0,0,0,0,0,0,0,0,3.922638,3.598249,0.1241994,4.174286,3.91231,0.2010443,1,1.31,2.317815,2.093709,5.820511,5,5,6
18,5,2,2,False,Low,Clear,0,0,0,0,2,2,0,0,0,0,0.3328759,0.3328759,0,0,0,0,0,0,0,0,0,0,0,0,0,0,3.815872,3.604654,0.1852531,0,0,0,0,0.00,0,0,0,1,1,2
18,31,4,2,True,High,Clear,0,0,0,0,2,2,0,0,0,0,0.6661594,0.6661594,0,0,0,0,0,0,0,0,0,0,0,0,0,0,4.023628,3.830905,0.08852649,4.13166,3.955206,0.09937954,1,1.06,2.065257,0.6917737,2.599198,4,6,6
18,26,3,1,True,High,Clear,0,0,0,0,4,4,0,0,0,0,0.618134,0.618134,0,0,0,0,0,0,0,0,0,0,0,0,0,0,3.763809,3.618177,0.04935956,4.119019,3.830356,0.2700446,1,0.97,2.172788,2.585893,7.188782,4,6,4
18,8,1,1,True,Low,Clear,0,0,0,0,2,2,0,0,0,0,1.003885,1.003885,0,0,0,0,0,0,0,0,0,0,0,0,0,0,4.190872,3.945204,0.2007115,4.152061,3.960384,0.2399461,1,2.51,2.028659,1.122268,3.119904,5,1,1
18,30,3,2,True,High,Clear,0,0,0,0,0,0,0,0,0,0,0,0,0,0,0,0,0,0,0,0,0,0,0,0,0,0,0,0,0,0,0,0,0,0.00,0,0,0,1,4,4
18,4,1,2,False,Low,Clear,0,0,0,0,4,4,0,0,0,0,0.8664957,0.8664957,0,0,0,0,0,0,0,0,0,0,0,0,0,0,3.900276,3.647847,0.2584724,0,0,0,0,0.00,0,0,0,1,1,1
18,12,1,2,True,Low,Clear,0,0,0,0,2,2,0,0,0,0,0.4876477,0.4876477,0,0,0,0,0,0,0,0,0,0,0,0,0,0,4.157578,3.973621,0.1989269,0,0,0,0,0.00,0,0,0,3,1,1
18,25,2,1,True,High,Clear,0,0,0,0,4,4,0,0,0,0,0.7337543,0.7337543,0,0,0,0,0,0,0,0,0,0,0,0,0,0,4.127228,3.917495,0.1532974,4.134979,3.93972,0.2217128,1,0.93,2.079792,2.678269,7.445588,2,4,5
18,10,3,1,True,Low,Clear,0,0,0,0,0,0,0,0,0,0,0,0,0,0,0,0,0,0,0,0,0,0,0,0.1464499,0.1464499,0,4.019493,3.911762,0.1077306,4.248604,3.983027,0.1916156,1,0.23,2.160027,3.295915,9.162644,4,1,1
18,20,1,2,False,High,Clear,0,0,0,0,0,0,0,0,0,0,0,0,0,0,0,0,0,0,0,0,0,0,0,0,0,0,3.867737,3.672508,0.222358,0,0,0,0,0.00,0,0,0,3,1,1
18,23,4,2,False,High,Clear,0,0,0,0,4,4,0,0,0,0,0.8216703,0.8216703,0,0,0,0,0,2,2,0,0,0,0,0.1505711,0.1505711,0,3.806137,3.60992,0.05331421,4.142876,3.850594,0.3440075,1,1.00,2.010788,0.6963305,2.683167,2,7,5
18,21,2,2,False,High,Clear,0,0,0,0,2,2,0,0,0,0,0.6477481,0.6477481,0,0,0,0,0,1,1,0,0,0,0,0.3288075,0.3288075,0,3.732506,3.573851,0.1586552,3.958237,3.713594,0.1972711,1,0.80,2.273224,0.7495224,2.98407,3,2,2
18,15,4,2,True,Low,Clear,0,0,0,0,2,2,0,0,0,0,0.3110943,0.3110943,0,0,0,0,0,2,2,0,0,0,0,0.3261969,0.3261969,0,3.831825,3.614915,0.08532214,4.053215,3.774648,0.3260207,1,0.96,2.079339,0.6694137,2.536606,4,7,6
18,22,3,2,False,High,Clear,0,0,0,0,0,0,0,0,0,0,0,0,0,0,0,0,0,0,0,0,0,0,0,0,0,0,0,0,0,0,0,0,0,0.00,0,0,0,1,5,5
18,1,2,1,False,Low,Clear,0,0,0,0,3,3,0.0424608,0.022186,0,0.0646468,0.6405374,0.7051842,0,0,0,0,0,4,4,0,0,0,0,0.3482494,0.3482494,0,3.900803,3.616887,0.158356,4.371635,3.966666,0.3862174,1,1.39,2.236236,1.9342,5.377076,7,4,4
18,6,3,2,False,Low,Clear,0,0,0,0,0,0,0,0,0,0,0.0217704,0.0217704,0,0,0,0,0,3,3,0,0,0,0,0.3774757,0.3774757,0,3.948059,3.458699,0.3075328,4.14666,3.847757,0.2107415,1,1.33,1.944565,0.5026222,1.743744,2,5,4
18,0,1,1,False,Low,Clear,0,0,0,0,0,0,0.0203047,0,0,0.0203047,0.0870602,0.1073649,0,0,0,0,0,1,1,0,0,0,0,0.2326281,0.2326281,0,3.953865,3.352178,0.4633951,4.021652,3.70689,0.2649033,1,2.46,2.114169,1.034338,2.875458,6,1,1
18,19,4,1,False,High,Clear,0,0,0,0,0,0,0,0,0,0,0.1084409,0.1084409,0,0,0,0,0,0,0,0,0,0,0,0.0662909,0.0662909,0,3.73069,3.566162,0.04142761,3.977798,3.6911,0.3247104,1,0.96,2.22098,2.51248,6.984696,7,7,7
18,27,4,1,True,High,Clear,0,0,0,0,2,2,0,0,0,0,0.5798935,0.5798935,0,0,0,0,0,3,3,0,0,0,0,0.2984086,0.2984086,0,3.703285,3.48379,0.2194955,4.017075,3.689557,0.2594602,1,0.84,2.087079,2.770365,7.701615,7,7,7
18,16,1,1,False,High,Clear,0,0,0,0,2,2,0,0,0,0,1.000025,1.000025,0,0,0,0,0,0,0,0,0,0,0,0.0637358,0.0637358,0,3.859245,3.53318,0.2470422,3.972031,3.649704,0.3036704,1,2.07,2.826019,0.8766012,2.436951,7,1,1
18,7,4,2,False,Low,Clear,0,0,0,0,0,0,0,0,0,0,0.1088678,0.1088678,0,0,0,0,0,0,0,0,0,0,0,0,0,0,3.533897,3.443836,0.09006143,0,0,0,0,0.00,0,0,0,1,6,6
18,17,2,1,False,High,Clear,0,0,0,0,2,2,0,0,0,0,0.7533467,0.7533467,0,0,0,0,0,1,1,0,0,0,0,0.1050959,0.1050959,0,3.706566,3.574371,0.04788208,3.996452,3.730143,0.1818714,1,0.98,2.524531,2.300378,6.395051,7,4,2
18,3,4,1,False,Low,Clear,0,0,0,0,0,0,0,0,0,0,0.0207659,0.0207659,0,0,0,0,0,3,3,0,0,0,0,0.4347207,0.4347207,0,3.468048,3.203364,0.2404184,3.642746,3.451216,0.2338312,1,1.80,2.710182,1.222745,3.399231,6,7,6
18,24,1,1,True,High,Clear,0,0,0,0,2,2,0,0,0,0,0.4642427,0.4642427,0,0,0,0,0,0,0,0,0,0,0,0,0,0,4.095337,3.723595,0.2680323,3.940498,3.681456,0.2415795,1,1.85,2.488761,1.334985,3.711258,2,1,1
18,28,1,2,True,High,Clear,0,0,0,0,4,4,0,0,0,0,0.778455,0.778455,0,0,0,0,0,0,0,0,0,0,0,0,0,0,3.910957,3.676316,0.1656394,0,0,0,0,0.00,0,0,0,1,1,1
18,18,3,1,False,High,Clear,0,0,0,0,2,2,0,0,0,0,0.855915,0.855915,0,0,0,0,0,4,4,0,0,0,0,0.5551565,0.5551565,0,3.79541,3.595369,0.3219638,4.32917,3.769146,0.5653486,1,1.06,2.121159,2.453092,6.819596,6,6,6
18,29,2,2,True,High,Clear,0,0,0,0,2,2,0,0,0,0,0.7989942,0.7989942,0,0,0,0,0,0,0,0,0,0,0,0,0,0,3.850861,3.506928,0.192632,4.039055,3.727343,0.2602973,1,1.16,2.123442,0.592003,2.091721,1,4,4
18,9,2,1,True,Low,Clear,0,0,0,0,2,2,0,0,0,0,0.2642211,0.2642211,0,0,0,0,0,2,2,0,0,0,0,0.5296983,0.5296983,0,4.008751,3.494452,0.3774345,3.991051,3.660751,0.2254136,1,1.11,2.232245,2.392688,6.651673,5,4,5
19,14,3,2,True,Low,Clear,0,1,0,1,1,2,0.2888048,0.3110527,0,0.5998574,0.5111592,1.111017,0.1563419,0,0,0,0,0,0,0,0,0,0,0,0,0,5.618416,5.34523,0.258193,5.897804,5.323219,0.4955297,1,1.51,2.244604,0.1173831,0.326325,4,6,5
19,6,3,2,False,Low,Clear,0,0,0,0,2,2,0.1789459,0.0912425,0,0.2701884,0.4142591,0.6844475,0,0,0,0,0,0,0,0.0608735,0.0405242,0,0.1013977,0.0413482,0.1427459,0,5.300117,5.088281,0.2697434,5.837029,5.253696,0.6354165,1,1.31,2.073412,0.4703351,1.586579,4,7,5
19,4,1,2,False,Low,Clear,1,0,0,1,19,20,0.5120619,0.261681,0,0.7737429,3.242637,4.01638,3.686983,0,0,0,0,0,0,0,0,0,0,0,0,0,5.769157,5.06729,0.5182843,0,0,0,0,0.00,0,0,0,3,1,1
19,16,1,1,False,High,Clear,0,2,0,2,4,6,0.3037325,0.309887,0,0.6136195,0.9498666,1.563486,1.232662,0,0,0,0,0,0,0.1229959,0.0686186,0,0.1916145,0.2290961,0.4207106,0,5.828674,5.125535,0.7166882,6.502937,5.164002,1.390804,1,2.11,2.531372,1.054564,2.931687,6,1,1
19,14,3,2,True,Low,Clear,0,0,0,0,4,4,0,0.0437797,0,0.0437797,0.5109893,0.554769,0,0,0,0,0,1,1,0.0816479,0.0459897,0,0.1276376,0.0441256,0.1717632,0,5.530495,5.051297,0.4281254,5.754616,5.125629,0.5609918,1,1.13,2.123116,0.5993283,2.155961,4,7,5
19,9,2,1,True,Low,Clear,0,0,0,0,0,0,0,0,0,0,0,0,0,0,0,0,0,1,1,0,0.09790181,0,0.09790181,0.1396864,0.2375882,0,5.298454,4.982259,0.316195,5.98597,5.037573,0.9950056,1,0.89,2.800073,2.188143,6.083039,7,7,7
19,7,4,2,False,Low,Clear,1,0,0,1,5,6,0.2659795,0.1997461,0,0.4657256,0.4403763,0.9061019,1.076206,0,1,0,1,0,1,0,0.0413406,0,0.0413406,0.0881874,0.129528,0,5.238579,5.137213,0.1063528,5.767731,5.170603,0.6469555,1,1.04,2.208183,0.5389217,1.93866,5,7,7
19,17,2,1,False,High,Clear,3,0,0,3,1,4,0.665848,0.109227,0,0.775075,0.1142404,0.8893154,0.0903473,0,0,0,0,0,0,0,0,0,0,0,0,0,5.281029,4.845635,0.4975457,5.244484,4.583709,0.63517,1,1.31,2.735736,1.731489,4.813538,7,7,7
19,25,2,1,True,High,Clear,0,0,0,0,2,2,0.0923549,0,0,0.0923549,0.4214567,0.5138116,0,0,0,0,0,0,0,0,0,0,0,0.0478806,0.0478806,0,5.291206,5.022628,0.2685781,5.451904,4.937733,0.4642563,1,0.80,3.061608,1.930451,5.366654,7,7,6
19,20,1,2,False,High,Clear,0,0,0,0,17,17,0.291937,0.4413342,0,0.7332712,2.666985,3.400257,0,0,0,0,0,0,0,0,0,0,0,0,0,0,5.263466,4.739963,0.485148,0,0,0,0,0.00,0,0,0,1,1,1
19,27,4,1,True,High,Clear,2,2,0,4,0,4,0.3105007,0.2083897,0,0.5188904,0,0.5188904,0.0778146,0,2,0,2,3,5,0,0.2710627,0,0.2710627,0.3191835,0.5902462,0.0830415,5.536545,5.061563,0.4281106,5.639366,5.017411,0.6060948,1,1.33,2.709607,1.638371,4.554673,7,7,7
19,12,1,2,True,Low,Clear,0,0,0,0,11,11,0.2621697,0.1092516,0,0.3714213,2.501237,2.872659,0,0,0,0,0,0,0,0,0,0,0,0,0,0,5.733627,5.115898,0.6104164,0,0,0,0,0.00,0,0,0,1,1,1
19,18,3,1,False,High,Clear,4,0,0,4,0,4,0.2445563,0.0891497,0,0.333706,0.4104442,0.7441502,0.1541674,3,2,0,5,1,6,0.5551869,0.4852165,0,1.040403,0.1555343,1.195938,0.501,4.925858,4.530124,0.2157927,4.990791,4.527178,0.5490532,1,1.19,3.392117,1.30332,3.62323,7,7,7
19,29,2,2,True,High,Clear,1,0,0,1,3,4,0.4308515,0.0839944,0,0.5148459,0.308845,0.8236909,0.3547539,0,0,0,0,0,0,0,0.0888217,0,0.0888217,0.022279,0.1111007,0,5.002815,4.862527,0.3349462,5.318001,4.885849,0.3369031,1,1.40,2.398106,0.2717782,0.8211217,4,6,5
19,22,3,2,False,High,Clear,1,2,0,3,1,4,0.3500599,0.3764115,0,0.7264714,0.3940434,1.120515,0.088798,1,0,0,1,0,1,0.1153972,0.0202179,0,0.1356151,0,0.1356151,0,5.105377,5.003192,0.08964777,5.325912,4.850527,0.4113498,1,1.03,2.57855,0.3416814,1.108857,6,7,6
19,21,2,2,False,High,Clear,0,0,0,0,2,2,0.2915043,0,0,0.2915043,0.3311407,0.622645,0,0,1,0,1,0,1,0.0661931,0.0668355,0,0.1330286,0.1105105,0.2435391,1.066805,5.529892,4.92887,0.7813745,5.393074,4.893483,0.4796467,1,0.98,2.328599,0.5313011,1.877244,7,7,7
19,26,3,1,True,High,Clear,0,0,0,0,1,1,0,0,0,0,0.1888512,0.1888512,0,0,0,0,0,0,0,0.066142,0.1003623,0,0.1665043,0.1437467,0.310251,0,4.954567,4.880995,0.07357168,5.546638,4.7796,0.7185006,1,0.19,3.031181,2.591349,7.203949,7,7,6
19,24,1,1,True,High,Clear,0,2,0,2,2,4,0.1749156,0.3366824,0,0.511598,0.612453,1.124051,0.3224703,2,2,0,4,3,7,0.0908381,0.3962679,0,0.487106,0.2876831,0.7747891,0.108074,5.131912,4.920042,0.2116795,5.373795,4.854049,0.4130521,1,1.49,2.797359,1.592458,4.427033,7,1,1
19,2,3,1,False,Low,Clear,0,0,0,0,0,0,0,0,0,0,0,0,0,0,0,0,0,0,0,0,0.08893339,0,0.08893339,0.0628232,0.1517566,0,5.544998,4.980821,0.5758386,5.41996,4.743228,0.7634292,1,1.11,2.998921,1.704418,4.738282,7,7,7
19,31,4,2,True,High,Clear,2,6,0,8,2,10,0.3116142,0.8855328,0,1.197147,0.9517218,2.148869,1.514544,0,0,0,0,0,0,0,0,0,0,0,0,0,5.654686,4.740435,0.8840804,0,0,0,0,0.00,0,0,0,1,7,4
19,8,1,1,True,Low,Clear,0,0,0,0,2,2,0.4868776,0.268803,0,0.7556806,0.9439533,1.699634,0,0,1,0,1,3,4,0,0.09092849,0,0.09092849,0.5580432,0.6489717,1.665456,5.236618,4.926447,0.2479959,5.246574,4.846003,0.3386788,1,1.97,2.688182,1.115313,3.100571,6,1,1
19,23,4,2,False,High,Clear,0,0,0,0,4,4,0,0.3318298,0,0.3318298,1.023901,1.355731,0,0,1,0,1,0,1,0,0.0673966,0,0.0673966,0.1796833,0.2470799,0,5.170784,5.092263,0.076334,5.901405,5.133677,0.7506871,1,1.28,2.501028,0.1345904,0.3741613,2,7,4
19,3,4,1,False,Low,Clear,2,0,0,2,0,2,0.3283577,0.0889174,0,0.4172751,0.4256321,0.8429072,0.1115527,0,0,0,0,0,0,0,0.0420015,0,0.0420015,0.0806756,0.1226771,0,5.250809,4.678145,0.9163489,5.308777,4.827711,0.4955673,1,1.15,2.765149,1.912892,5.317841,7,7,7
19,30,3,2,True,High,Clear,0,2,0,2,2,4,0.1369377,0.2427953,0,0.379733,0.3312952,0.7110282,0.1117413,0,0,0,0,0,0,0,0,0,0,0.1502967,0.1502967,0,5.067986,4.944512,0.1234736,5.50235,4.990399,0.532722,1,0.76,2.620084,0.5075188,1.793213,6,7,7
19,19,4,1,False,High,Clear,0,0,0,0,2,2,0.1187738,0.0204013,0,0.1391751,0.1738439,0.313019,0,0,0,0,0,1,1,0,0,0,0,0.0982613,0.0982613,0,4.983017,4.933712,0.04930496,5.574951,4.985661,0.3973289,1,0.23,2.783622,2.702474,7.512879,7,7,7
19,1,2,1,False,Low,Clear,1,0,0,1,5,6,0.132095,0.1346337,0,0.2667287,0.690064,0.9567927,1.672492,0,0,0,0,1,1,0.0214788,0.0411494,0,0.0626282,0.2228723,0.2855005,0,5.562141,5.02314,0.5455141,5.297455,4.731078,0.6088715,1,1.09,2.782436,1.892952,5.262406,7,7,7
19,11,4,1,True,Low,Clear,0,3,0,3,1,4,0.0868582,0.5302003,0,0.6170585,0.1105329,0.7275914,0.2322024,0,0,0,0,2,2,0,0.023606,0,0.023606,0.198569,0.222175,0,4.496101,4.242369,0.1125312,4.983574,4.408741,0.572298,1,1.25,2.715563,1.728459,4.805115,7,7,7
19,28,1,2,True,High,Clear,0,2,0,2,0,2,0.1988111,0.2443436,0,0.4431547,0,0.4431547,0.0867675,3,0,0,3,2,5,0.3638681,0,0,0.3638681,0.5476423,0.9115103,0.7316417,5.206642,5.145341,0.06130123,5.354332,4.903927,0.4275136,1,0.36,2.641417,0.8067385,3.340943,6,1,1
19,5,2,2,False,Low,Clear,0,0,0,0,2,2,0.1094823,0.1127601,0,0.2222424,0.6662226,0.8884649,0,0,2,0,2,0,2,0.260146,0.1596233,0,0.4197693,0.2245942,0.6443635,0.8673213,5.022057,4.663795,0.4685817,5.101334,4.690743,0.3730617,1,1.24,2.200548,0.3596482,1.155655,3,7,7
19,10,3,1,True,Low,Clear,0,0,0,0,3,3,0,0.1083304,0,0.1083304,0.2883745,0.3967049,0,0,2,0,2,0,2,0,0.1683627,0,0.1683627,0.1292379,0.2976006,0.6136417,5.012352,4.675963,0.1552124,5.252792,4.727862,0.5574837,1,0.98,2.647341,2.000252,5.5607,7,7,7
19,15,4,2,True,Low,Clear,0,0,0,0,0,0,0,0,0,0,0.5002512,0.5002512,0,0,0,0,0,0,0,0,0,0,0,0,0,0,0,0,0,5.555466,4.953078,0.6023879,0,-5.02,1.049023,0,0,2,7,5
19,13,2,2,True,Low,Clear,1,1,0,2,0,2,0.5130385,0.1151192,0,0.6281577,0.06296951,0.6911272,0.1549726,0,0,0,0,2,2,0,0.0206352,0,0.0206352,0.3566408,0.377276,0,5.465721,4.764595,0.5346756,5.2174,4.868098,0.3777332,1,0.93,2.509917,0.4819803,1.656708,6,7,7
19,0,1,1,False,Low,Clear,0,2,0,2,4,6,0,0.6048455,0,0.6048455,0.9111212,1.515967,1.314233,0,0,0,0,5,5,0,0,0,0,0.5432361,0.5432361,0,4.843269,4.550678,0.1717906,5.065025,4.7612,0.2864394,1,1.89,2.765443,1.117042,3.105378,6,1,1
20,1,2,1,False,Low,Clear,0,1,0,1,1,2,0.3067591,0.3258047,0,0.6325638,0.1096324,0.7421962,1.231894,1,1,0,2,0,2,0.121125,0.0599591,0,0.1810841,0.1230249,0.304109,1.110707,3.862267,3.649201,0.1190917,3.926514,3.652254,0.2133038,1,0.99,2.445577,2.208842,6.14058,5,6,6
20,7,4,2,False,Low,Clear,2,0,0,2,3,5,0.4828757,0.066929,0,0.5498047,0.4836029,1.033408,0.2236282,0,4,0,4,4,8,0.0624033,0.281595,0,0.3439983,0.3256923,0.6696906,0.8098055,3.784271,3.578393,0.07850909,4.195076,3.888373,0.2111957,1,1.14,2.543284,0.3816572,1.201951,2,7,7
20,26,3,1,True,High,Clear,2,0,0,2,0,2,0.5778081,0,0,0.5778081,0.2209807,0.7987888,0.0882047,2,0,0,2,2,4,0.2850859,0,0,0.2850859,0.144283,0.4293689,0.9287074,3.706879,3.526252,0.0963707,3.921272,3.714125,0.2588415,1,0.93,2.260856,2.48682,6.913361,7,7,7
20,13,2,2,True,Low,Clear,4,0,0,4,6,10,0,0,0,0,0.955526,0.955526,0,0,0,0,0,0,0,0,0,0,0,0.065708,0.065708,0,3.896896,3.802028,0.09486794,4.089836,3.898853,0.1909833,0,-5.02,0.6431172,0,0,1,7,4
20,11,4,1,True,Low,Clear,2,0,0,2,2,4,0.382022,0.084558,0,0.46658,0.3985301,0.8651102,0.0695764,0,0,0,0,0,0,0,0,0,0,0,0,0,3.508156,3.387939,0.1202171,3.742981,3.487863,0.1869817,1,0.93,2.614659,2.256781,6.27385,7,7,7
20,31,4,2,True,High,Clear,8,0,0,8,10,18,1.61913,0.3926771,0,2.011808,1.502807,3.514615,1.371166,0,0,0,0,0,0,0,0,0,0,0,0,0,3.861,3.599381,0.1977637,3.851593,3.798012,0.05358124,0,5.19,0.1995743,0,0,1,7,7
20,15,4,2,True,Low,Clear,2,0,0,2,0,2,0.5330204,0.2224175,0,0.7554379,0.0222355,0.7776734,0.0690819,0,0,0,0,0,0,0,0,0,0,0,0,0,3.704895,3.380182,0.3247135,3.705795,3.445068,0.2306943,1,0.86,2.304074,0.6089974,2.249207,4,7,7
20,10,3,1,True,Low,Clear,4,0,0,4,2,6,0.3587534,0.1762786,0,0.535032,0.3325064,0.8675385,0.0673736,0,2,0,2,2,4,0.061738,0.4597809,0,0.5215189,0.2957272,0.8172461,1.244117,3.525375,3.196955,0.2258799,3.838081,3.353799,0.4176145,1,1.13,2.460016,2.163806,6.015381,7,7,7
20,19,4,1,False,High,Clear,2,0,0,2,2,4,0.3317182,0.1290429,0,0.4607611,0.3855189,0.84628,0.1115769,0,4,0,4,0,4,0.0602102,0.2823629,0,0.3425731,0.08065581,0.4232289,1.679474,3.245461,3.031763,0.2136972,3.429382,3.204922,0.2470803,1,0.84,2.604371,2.253493,6.26471,7,7,7
20,0,1,1,False,Low,Clear,2,0,0,2,4,6,0.4667898,0.1550869,0,0.6218767,1.334316,1.956193,0.0678918,0,0,0,0,7,7,0.0216181,0.0203448,0,0.0419629,0.7287123,0.7706752,0,3.571404,3.344317,0.157057,3.786133,3.54218,0.1765704,1,2.04,2.505539,1.152291,3.20337,6,1,1
20,12,1,2,True,Low,Clear,0,0,0,0,19,19,0,0,0,0,3.024747,3.024747,0,0,0,0,0,0,0,0,0,0,0,0,0,0,3.79454,3.567885,0.1398494,3.82132,3.679297,0.1108856,0,4.36,1.025034,0,0,6,1,1
20,5,2,2,False,Low,Clear,0,1,0,1,3,4,0.42586,0.0464247,0,0.4722847,0.376681,0.8489658,0.7994229,0,0,0,0,1,1,0,0.0417613,0,0.0417613,0.0411344,0.0828957,0,3.716263,3.534929,0.181334,3.799263,3.433316,0.3907979,1,0.78,2.427348,0.6837773,2.569153,4,7,7
20,16,1,1,False,High,Clear,0,0,0,0,8,8,0.0222476,0.0214886,0,0.0437362,1.357345,1.401081,0,0,0,0,0,6,6,0.02102,0,0,0.02102,0.0208322,0.0418522,0,3.614761,3.464478,0.1484139,3.65786,3.42818,0.3284602,1,1.35,2.433734,1.905055,5.296052,6,1,1
20,3,4,1,False,Low,Clear,0,0,0,0,3,3,0.2196945,0.158882,0,0.3785765,0.5324171,0.9109936,0,0,0,0,0,0,0,0,0,0,0,0,0,0,3.662376,3.474722,0.1876547,3.67627,3.412259,0.2409873,1,0.89,2.210287,2.535824,7.049592,7,7,7
20,23,4,2,False,High,Clear,0,1,0,1,0,1,0.04534,0.090933,0,0.136273,0,0.136273,1.355272,0,2,0,2,5,7,0,0.1769424,0,0.1769424,0.562694,0.7396364,1.355272,3.368286,3.265371,0.1029148,3.703156,3.453505,0.1767182,1,0.24,2.227687,1.110009,5.307282,7,7,4
20,20,1,2,False,High,Clear,2,0,0,2,12,14,0.2795528,0,0,0.2795528,2.419596,2.699149,0.0871922,0,0,0,0,0,0,0,0,0,0,0,0,0,3.67141,3.468559,0.1539788,3.604332,3.523228,0.08110356,0,4.72,0.6668451,0,0,7,1,1
20,4,1,2,False,Low,Clear,0,0,0,0,20,20,0,0,0,0,3.309361,3.309361,0,0,0,0,0,1,1,0,0,0,0,0.0435674,0.0435674,0,3.688385,3.471408,0.1386814,3.644608,3.425492,0.2191155,0,3.89,1.490914,0,0,4,1,1
20,29,2,2,True,High,Clear,0,0,0,0,2,2,0.3130928,0.1098403,0,0.4229331,0.376591,0.7995242,0,0,2,0,2,0,2,0,0.0900777,0,0.0900777,0.4538802,0.5439579,0.4198934,3.609703,3.386192,0.2235115,3.76931,3.540538,0.3282952,1,0.84,2.187588,0.6891709,2.655579,4,7,7
20,17,2,1,False,High,Clear,0,0,0,0,0,0,0,0,0,0,0,0,0,0,4,0,4,2,6,0.1038659,0.6657931,0,0.769659,0.2033706,0.9730296,0.0695784,0,0,0,3.795502,3.595222,0.2189069,1,-0.48,2.718396,3.366095,9.357743,7,7,4
20,24,1,1,True,High,Clear,0,0,0,0,0,0,0,0,0,0,0,0,0,0,4,0,4,2,6,0.0488753,0.7771461,0,0.8260214,0.3561761,1.182198,0.0703982,0,0,0,3.837334,3.548553,0.3225474,1,-0.52,3.096288,3.147477,8.749986,7,1,1
20,21,2,2,False,High,Clear,0,0,0,0,2,2,0.2225551,0.0639128,0,0.2864679,0.5805505,0.8670184,0,0,0,0,0,4,4,0,0,0,0,0.8002729,0.8002729,0,3.747879,3.638473,0.1094065,3.73777,3.302576,0.3059092,1,0.78,2.643026,0.4818027,1.656098,3,7,4
20,25,2,1,True,High,Clear,0,0,0,0,0,0,0,0,0,0,0,0,0,0,0,0,0,2,2,0.124856,0.2575903,0,0.3824463,0.4217762,0.8042225,0,0,0,0,3.86882,3.600117,0.1996653,1,-0.28,2.554006,3.439408,9.561555,6,7,7
20,9,2,1,True,Low,Clear,0,0,0,0,0,0,0,0,0,0,0,0,0,2,0,0,2,2,4,0.1849439,0.0264072,0,0.2113511,0.4355417,0.6468928,1.795719,0,0,0,3.92646,3.637517,0.3884044,1,-0.48,2.67495,3.394532,9.436799,4,7,7
20,22,3,2,False,High,Clear,0,0,0,0,0,0,0,0,0,0,0,0,0,0,2,0,2,0,2,0,0.4694445,0,0.4694445,0.1531498,0.6225943,0.1131001,0,0,0,3.790604,3.325556,0.581466,1,-0.14,2.880465,1.025361,4.640061,7,7,7
20,18,3,1,False,High,Clear,0,0,0,0,0,0,0,0,0,0,0,0,0,2,0,0,2,0,2,0.2446066,0.2220371,0,0.4666437,0.132576,0.5992197,0.132046,0,0,0,3.757408,3.244018,0.7456467,1,-0.32,2.848704,3.291436,9.150193,7,7,7
20,2,3,1,False,Low,Clear,0,0,0,0,0,0,0,0,0,0,0,0,0,2,0,0,2,0,2,0.5111852,0.0681294,0,0.5793146,0.0668202,0.6461348,0.1103423,0,0,0,3.740791,3.197323,0.7845218,1,-0.26,2.94122,3.155869,8.773316,6,7,7
20,30,3,2,True,High,Clear,0,0,0,0,0,0,0,0,0,0,0,0,0,4,0,0,4,5,9,0.6886361,0.1571983,0,0.8458344,0.6098197,1.455654,0.0500362,0,0,0,3.776825,3.524854,0.2619216,1,-0.16,2.743654,1.044772,4.895066,6,7,7
20,6,3,2,False,Low,Clear,0,0,0,0,0,0,0,0,0,0,0,0,0,0,0,0,0,0,0,0,0,0,0,0,0,0,0,0,0,3.876511,3.585295,0.2280858,-1,-5.02,2.543068,0,0,1,1,1
20,8,1,1,True,Low,Clear,0,0,0,0,0,0,0,0,0,0,0,0,0,2,0,0,2,2,4,0.220002,0.1603006,0,0.3803026,0.2867333,0.6670359,1.168365,0,0,0,3.99263,3.650951,0.2568855,1,-0.34,2.58917,3.476282,9.664063,7,1,1
20,28,1,2,True,High,Clear,0,0,0,0,19,19,0,0,0,0,2.806515,2.806515,0,0,0,0,0,0,0,0,0,0,0,0,0,0,3.642143,3.352195,0.251318,3.675789,3.533787,0.1072578,0,4.11,1.269568,0,0,7,1,1
20,27,4,1,True,High,Clear,0,0,0,0,0,0,0,0,0,0,0,0,0,0,1,0,1,1,2,0.1194258,0.4038753,0,0.5233011,0.1259438,0.6492448,1.349028,0,0,0,3.716812,3.472196,0.2228808,1,-0.08,2.572846,3.204686,8.909028,7,7,7
21,9,2,1,True,Low,Clear,2,0,0,2,0,2,0.3541401,0,0,0.3541401,0.4008722,0.7550123,0.0891706,0,0,0,0,2,2,0,0,0,0,0.1981211,0.1981211,0,4.188263,4.083858,0.1044054,4.463768,4.161058,0.2753286,1,0.75,3.320729,1.773417,4.9301,7,7,7
21,27,4,1,True,High,Clear,0,0,0,0,2,2,0.1961585,0,0,0.1961585,0.4027142,0.5988727,0,0,0,0,0,3,3,0,0,0,0,0.4543368,0.4543368,0,4.206871,4.113413,0.09345818,4.392014,4.17248,0.1603379,1,0.65,2.869321,2.319973,6.449524,7,7,7
21,16,1,1,False,High,Clear,0,0,0,0,4,4,0.1764784,0,0,0.1764784,1.111599,1.288077,0,2,3,0,5,3,8,0.2236847,0.3771075,0,0.6007922,1.085417,1.686209,0,4.337898,4.230793,0.04710579,4.595375,4.299272,0.2410731,1,1.38,3.543603,0.9501452,2.641404,6,1,1
21,17,2,1,False,High,Clear,2,0,0,2,0,2,0.6189874,0.0461487,0,0.6651361,0.1777293,0.8428653,0.0884764,0,0,0,0,2,2,0,0,0,0,0.3882429,0.3882429,0,4.252518,3.999538,0.1785545,4.328651,4.097227,0.3150258,1,0.98,2.976893,1.831587,5.091813,7,7,7
21,18,3,1,False,High,Clear,0,0,0,0,2,2,0.066502,0,0,0.066502,0.5893064,0.6558084,0,1,0,0,1,0,1,0.5336359,0.0204958,0,0.5541317,0.0882906,0.6424223,0,4.082085,3.968085,0.1139994,4.307327,3.951431,0.4010024,1,0.57,3.075257,2.241055,6.230134,7,7,7
21,30,3,2,True,High,Clear,2,0,0,2,0,2,0.2864906,0.065955,0,0.3524456,0.0920906,0.4445362,0.1107769,1,0,0,1,2,3,0.0661864,0,0,0.0661864,0.5548614,0.6210477,0.8082512,4.150177,4.041077,0.1090999,4.40197,4.110353,0.1547151,1,0.36,2.675745,0.7307113,2.862412,6,7,7
21,13,2,2,True,Low,Clear,0,0,0,0,0,0,0,0,0,0,0,0,0,0,0,0,0,6,6,0.0901854,0,0,0.0901854,1.091117,1.181303,0,0,0,0,4.620079,4.338214,0.3248873,1,-0.24,3.568878,0.6091039,2.210618,6,7,7
21,3,4,1,False,Low,Clear,2,0,0,2,2,4,0.1535496,0,0,0.1535496,0.8460134,0.999563,0.0688557,0,0,0,0,1,1,0,0.0701277,0,0.0701277,0.1997222,0.2698499,0,3.799812,3.744438,0.05537462,4.176025,3.962522,0.224205,1,0.93,2.4402,2.370245,6.58928,7,7,7
21,20,1,2,False,High,Clear,1,0,0,1,23,24,0.1102712,0.0444485,0,0.1547197,3.619945,3.774664,1.844063,0,0,0,0,0,0,0,0,0,0,0,0,0,4.143562,3.950319,0.2033377,4.17952,4.114011,0.06550884,0,5.13,0.2660734,0,0,4,1,1
21,11,4,1,True,Low,Clear,2,0,0,2,4,6,0.1997128,0,0,0.1997128,0.6653122,0.865025,0.06528649,5,2,0,7,1,8,0.3656219,0.1360148,0,0.5016367,0.1816732,0.6833099,1.927147,4.259399,4.159095,0.1003041,4.513542,4.244147,0.1756883,1,0.80,2.521746,2.494258,6.934037,7,7,7
21,15,4,2,True,Low,Clear,0,0,0,0,4,4,0.0658439,0.2440659,0,0.3099098,0.567217,0.8771268,0,0,1,0,1,0,1,0,0.0668507,0,0.0668507,0,0.0668507,0,3.985916,3.920223,0.0656929,4.280136,4.007145,0.2903578,1,0.80,2.377168,0.6952137,2.656617,6,7,7
21,6,3,2,False,Low,Clear,0,0,0,0,2,2,0.3120469,0,0,0.3120469,0.6660266,0.9780735,0,0,0,0,0,1,1,0.0879824,0.022502,0,0.1104844,0.0670912,0.1775756,0,4.055328,3.910801,0.1445277,4.249924,3.977477,0.3488338,1,0.89,2.410597,0.7332159,2.801835,7,7,7
21,26,3,1,True,High,Clear,0,0,0,0,2,2,0,0,0,0,0.4125273,0.4125273,0,4,0,0,4,3,7,0,0,0,0,0.4445188,0.4445188,2.151954,4.200523,4.142345,0.05817795,4.573692,4.278021,0.2165947,1,0.34,2.484251,3.007777,8.361619,7,7,7
21,31,4,2,True,High,Clear,0,0,0,0,2,2,0.2959152,0,0,0.2959152,0.4196288,0.715544,0,1,0,0,1,0,1,0.0620295,0.023379,0,0.08540849,0.1986549,0.2840634,0,4.024239,3.935953,0.08828521,4.258041,3.990447,0.3619211,1,0.65,2.428365,0.8227316,3.301865,6,7,7
21,2,3,1,False,Low,Clear,0,0,0,0,0,0,0,0,0,0,0,0,0,4,0,0,4,0,4,0.2648248,0.0210648,0,0.2858896,0.603749,0.8896386,0.0707276,0,0,0,4.480103,4.014558,0.4133062,1,-0.24,3.763685,2.31506,6.435868,6,7,6
21,4,1,2,False,Low,Clear,1,0,0,1,17,18,0.1339968,0,0,0.1339968,3.553548,3.687544,0.1999605,0,0,0,0,0,0,0,0,0,0,0,0,0,4.168434,3.903295,0.2325058,3.945457,3.899075,0.0463829,0,5.31,0.0722634,0,0,6,1,1
21,0,1,1,False,Low,Clear,2,0,0,2,4,6,0.3601971,0.0691925,0,0.4293896,0.9511575,1.380547,0.3778573,0,0,0,0,10,10,0,0,0,0,0.0208145,0.0208145,0,4.654686,4.406755,0.2746215,4.499817,4.143406,0.417129,1,1.69,2.766545,1.362341,3.787308,7,0,0
21,24,1,1,True,High,Clear,0,2,0,2,6,8,0.0436698,0.2005468,0,0.2442166,0.980102,1.224319,0.877668,0,0,0,0,5,5,0,0,0,0,0.4430828,0.4430828,0,4.359001,4.27487,0.0695672,4.3582,4.066973,0.2431092,1,1.32,2.486734,1.911202,5.313141,6,1,1
21,10,3,1,True,Low,Clear,0,0,0,0,4,4,0,0,0,0,0.6918456,0.6918456,0,4,2,0,6,2,8,0.6436384,0.2643372,0,0.9079756,0.0999963,1.007972,1.818798,3.990067,3.886049,0.02122879,4.022896,3.869143,0.158365,1,0.95,2.721624,2.121219,5.896988,7,7,7
21,14,3,2,True,Low,Clear,4,0,0,4,2,6,0.470644,0,0,0.470644,0.364272,0.834916,0.3439785,1,0,0,1,0,1,0.1099583,0,0,0.1099583,0,0.1099583,0,4.118881,4.032684,0.08619738,4.460915,4.143288,0.2693281,1,0.77,2.363962,0.6895076,2.590683,7,7,7
21,21,2,2,False,High,Clear,0,0,0,0,2,2,0.5679259,0,0,0.5679259,0.1543908,0.7223167,0,1,0,0,1,0,1,0.1554629,0.0459504,0,0.2014133,0.1774182,0.3788315,0,4.033554,3.962434,0.07112002,4.592949,3.960959,0.7912064,1,0.65,2.41421,0.8180717,3.309342,7,7,6
21,1,2,1,False,Low,Clear,0,0,0,0,0,0,0,0,0,0,0,0,0,1,0,0,1,3,4,0.0463669,0,0,0.0463669,0.5332685,0.5796354,0.2936871,0,0,0,4.574371,4.118593,0.5666356,1,-0.28,3.468699,2.569476,7.143143,6,7,7
21,23,4,2,False,High,Clear,0,0,0,0,0,0,0,0,0,0,0,0,0,2,2,0,4,0,4,0.1573405,0.5113474,0,0.6686878,0.508954,1.177642,0.1107907,0,0,0,4.529846,4.188954,0.2819381,1,-0.18,3.164534,0.8039343,3.252152,6,7,6
21,25,2,1,True,High,Clear,0,0,0,0,0,0,0,0,0,0,0,0,0,1,0,0,1,1,2,0.1346425,0.06572551,0,0.200368,0.1740598,0.3744278,0.6434567,0,0,0,4.377701,4.202538,0.152813,1,-0.50,2.695487,3.524863,9.799119,7,7,5
21,29,2,2,True,High,Clear,0,0,0,0,2,2,0.0648383,0.0887488,0,0.1535871,0.3568571,0.5104442,0,0,1,0,1,2,3,0.1991896,0.2892777,0,0.4884673,0.3307652,0.8192325,1.070997,4.211906,4.141073,0.07083321,4.304077,4.039523,0.4063601,1,0.42,2.833201,0.7519754,2.94571,7,7,7
21,22,3,2,False,High,Clear,0,0,0,0,4,4,0.1108548,0.1101711,0,0.2210259,0.3771163,0.5981422,0,0,1,0,1,0,1,0.3341816,0.06618071,0,0.4003623,0,0.4003623,0,3.997795,3.918621,0.07917452,4.100197,3.897565,0.2572274,1,0.51,2.419824,0.8578947,3.552796,7,7,6
21,19,4,1,False,High,Clear,0,0,0,0,0,0,0,0,0,0,0,0,0,2,1,0,3,1,4,0.3760377,0.1570079,0,0.5330455,0.0684517,0.6014972,0.1113813,0,0,0,4.27523,4.000538,0.3780925,1,-0.10,2.700462,3.166314,8.802354,7,7,6
21,7,4,2,False,Low,Clear,0,2,0,2,2,4,0.556728,0.5113775,0,1.068105,0.1785203,1.246626,0.6703955,1,0,0,1,0,1,0.1302225,0.1146086,0,0.2448311,0.0416397,0.2864708,0,4.068008,3.85304,0.1278005,4.303368,3.833507,0.665957,1,1.18,2.47453,0.4388381,1.396073,6,7,7
21,5,2,2,False,Low,Clear,0,0,0,0,2,2,0,0,0,0,0.2668265,0.2668265,0,0,0,0,0,1,1,0,0,0,0,0.4201037,0.4201037,0,4.089897,4.00772,0.08217669,4.228157,3.880393,0.4836166,1,0.18,2.581244,0.9970398,4.44809,7,7,7
21,12,1,2,True,Low,Clear,1,0,0,1,12,13,0.0678245,0,0,0.0678245,2.354386,2.422211,0,0,0,0,0,0,0,0,0,0,0,0,0,0,4.013924,3.575042,0.38903,0,0,0,0,0.00,0,0,0,6,0,0
21,8,1,1,True,Low,Clear,0,0,0,0,0,0,0,0,0,0,0,0,0,0,0,0,0,0,0,0,0,0,0,0,0,0,0,0,0,4.425583,4.239511,0.1887627,1,-0.76,2.879041,3.609011,10.03305,6,0,0
21,28,1,2,True,High,Clear,0,0,0,0,0,0,0,0,0,0,0,0,0,0,0,0,0,6,6,0,0.0887771,0,0.0887771,0.8226086,0.9113858,0,0,0,0,4.572266,4.215087,0.3243518,1,-0.30,2.645348,1.239533,6.323227,6,1,1
22,0,4,1,False,High,Clear,0,0,0,0,2,2,0,0,0,0,0.2220212,0.2220212,0,0,3,0,3,1,4,0.0410485,0.1885511,0,0.2295996,0.1760323,0.4056319,1.7306,5.03582,4.713787,0.3220334,5.45948,5.081772,0.2855129,1,0.82,2.52347,2.343959,6.516205,3,5,7
22,18,3,1,False,High,Clear,0,0,0,0,0,0,0,0,0,0,0,0,0,0,0,0,0,3,3,0.0421826,0.1231831,0,0.1653657,0.4809775,0.6463432,0,5.068665,4.50721,0.5614543,5.44001,4.993976,0.3386974,1,0.91,2.409233,2.449744,6.810288,6,6,7
22,0,1,1,False,Low,Clear,0,0,0,0,0,0,0,0,0,0,0.0367049,0.0367049,0,1,0,0,1,4,5,0.1137451,0.1088827,0,0.2226278,0.5582501,0.7808778,2.263427,4.845879,4.569238,0.2766404,5.418083,5.016821,0.208807,1,0.04,2.531738,3.258147,9.057649,7,1,1
22,19,4,1,False,High,Clear,0,3,0,3,1,4,0,0.3777849,0,0.3777849,0.5121421,0.889927,0.1316981,4,1,0,5,3,8,0.3369715,0.1576447,0,0.4946162,0.6074834,1.1021,0,5.094711,4.797335,0.2973762,5.137001,4.856435,0.2488174,1,0.84,2.688392,2.211306,6.147431,7,7,4
22,23,4,2,False,High,Clear,0,1,0,1,3,4,0.0224615,0.4791169,0,0.5015784,0.2533437,0.7549221,1.107695,0,7,0,7,5,12,0.1105195,0.6010703,0,0.7115898,0.4212229,1.132813,0.0870837,5.047905,4.80301,0.2448945,5.419731,5.023716,0.3259249,1,0.77,2.553697,0.6267834,2.314896,4,6,5
22,14,3,2,True,Low,Clear,0,0,0,0,0,0,0,0,0,0,0,0,0,0,0,0,0,5,5,0.178464,0.0670648,0,0.2455288,0.7116733,0.9572021,0,0,0,0,5.359932,4.974662,0.4059024,1,-2.22,4.698981,1.18282,5.920365,4,6,6
22,21,2,2,False,High,Clear,0,0,0,0,2,2,0,0.333824,0,0.333824,0.5318253,0.8656493,0,0,1,0,1,9,10,0,0.2853833,0,0.2853833,0.5813557,0.866739,1.842881,4.810089,4.54238,0.2677088,5.292175,4.921362,0.2126341,1,0.84,2.755185,0.4835297,1.646561,4,2,2
22,14,3,2,True,Low,Clear,0,0,0,0,0,0,0,0,0,0,0,0,0,0,0,0,0,0,0,0,0,0,0,0,0,0,0,0,0,5.434067,4.983921,0.3874574,1,-2.56,2.199823,3.022877,25.19054,1,1,1
22,5,2,2,False,Low,Clear,0,0,0,0,4,4,0.8215735,0.1101476,0,0.9317211,0.3555905,1.287312,0,3,1,0,4,3,7,0.2030029,0.0465353,0,0.2495382,0.9275678,1.177106,0,5.055664,4.848171,0.1902671,5.285706,4.947212,0.2796865,1,1.20,2.509438,0.4412346,1.460175,4,1,3
22,17,2,1,False,High,Clear,0,0,0,0,2,2,0.1766429,0.0203518,0,0.1969947,0.402509,0.5995037,0,0,0,0,0,2,2,0.0629301,0.0627552,0,0.1256853,0.2654899,0.3911752,0,4.838951,4.650126,0.1888247,5.093414,4.600688,0.4396558,1,0.60,2.512527,2.631867,7.31659,7,4,4
22,25,2,1,True,High,Clear,0,0,0,0,0,0,0,0,0,0,0,0,0,0,1,0,1,1,2,0,0.0656673,0,0.0656673,0.1013886,0.1670559,0.2796006,4.81665,4.753599,0.06305122,5.160667,4.716943,0.5492907,1,-5.02,2.392984,3.322415,9.236314,7,4,3
22,26,3,1,True,High,Clear,2,0,0,2,0,2,0.0647595,0,0,0.0647595,0.1366591,0.2014186,0.2890867,4,2,0,6,13,19,0.315094,0.1089395,0,0.4240335,2.19669,2.620724,1.952757,5.055496,4.840963,0.2145333,5.323708,5.061379,0.2903414,1,0.36,3.508332,2.683242,7.459412,7,7,4
22,2,3,1,False,Low,Clear,0,0,0,0,0,0,0,0,0,0,0,0,0,0,0,0,0,0,0,0,0,0,0,0,0,0,0,0,0,5.208427,4.816012,0.3298597,1,-5.02,2.57627,13.45532,112.1272,1,1,1
22,11,4,1,True,Low,Clear,0,0,0,0,0,0,0,0,0,0,0,0,0,1,2,0,3,3,6,0.1285709,0.1998234,0,0.3283943,0.6367561,0.9651504,0.1302052,4.603706,4.551435,0.05227089,5.268929,4.800091,0.5203805,1,0.08,2.418555,3.212371,8.93039,7,7,4
22,22,3,2,False,High,Clear,0,0,0,0,2,2,0.0443089,0.0441362,0,0.0884451,0.4886979,0.5771431,0,2,2,0,4,11,15,0.3982907,0.2665037,0,0.6647944,1.423202,2.087996,0.5104107,5.062073,4.608885,0.4531879,5.2472,4.929973,0.1880555,1,0.68,2.711205,0.5573386,1.987076,4,6,4
22,29,2,2,True,High,Clear,0,0,0,0,0,0,0,0.0198207,0,0.0198207,0,0.0198207,0,0,2,0,2,6,8,0,0.5111026,0,0.5111026,0.9105374,1.42164,1.532434,4.969643,4.676798,0.2928448,5.05674,4.220636,1.147674,1,0.11,2.721945,0.97732,4.391388,6,4,4
22,12,1,2,True,Low,Clear,0,0,0,0,0,0,0,0,0,0,0,0,0,0,0,0,0,0,0,0,0,0,0,0,0,0,0,0,0,5.390816,4.930569,0.3214445,1,-2.56,2.13607,3.031054,25.25868,1,1,1
22,4,1,2,False,Low,Clear,1,0,0,1,14,15,0.2243756,0,0,0.2243756,3.634561,3.858937,3.475677,0,0,0,0,0,0,0,0,0,0,0,0,0,5.294868,4.615973,0.7073956,0,0,0,0,0.00,0,0,0,7,1,1
22,27,4,1,True,High,Clear,0,0,0,0,0,0,0,0,0,0,0,0,0,0,0,0,0,6,6,0.1085339,0.1995648,0,0.3080987,0.7002223,1.008321,0,4.483017,4.465145,0.01787186,5.080353,4.637795,0.4640465,1,-0.06,2.622798,3.112382,8.652421,7,7,4
22,6,3,2,False,Low,Clear,0,0,0,0,0,0,0,0,0,0,0.0236929,0.0236929,0,5,4,0,9,4,13,0.5304973,0.4654303,0,0.9959276,0.8034865,1.799414,0.289316,4.775826,4.505933,0.2698922,5.16787,4.804872,0.3895664,1,0.04,2.776024,0.915973,4.115738,7,6,5
22,9,2,1,True,Low,Clear,0,0,0,0,0,0,0,0,0,0,0,0,0,0,0,0,0,0,0,0,0,0,0,0,0,0,0,0,0,5.267265,4.820087,0.3658924,-1,-5.02,1.865936,0,0,1,1,1
22,28,1,2,True,High,Clear,0,2,0,2,0,2,0.2212736,0.4780357,0,0.6993093,0.0901639,0.7894732,0.0676965,0,2,0,2,3,5,0,0.6259614,0,0.6259614,1.081414,1.707376,0.4227231,4.594452,4.523492,0.07095957,5.202576,4.70711,0.4126959,1,0.72,2.531487,0.6609176,2.462113,6,1,1
22,9,2,1,True,Low,Clear,0,0,0,0,0,0,0,0,0,0,0,0,0,0,0,0,0,0,0,0,0,0,0,0,0,0,0,0,0,5.107704,4.663517,0.4101138,1,-5.02,2.33359,10.6558,88.79799,4,1,1
22,10,3,1,True,Low,Clear,0,0,0,0,0,0,0,0,0,0,0,0,0,0,0,0,0,3,3,0,0.0199805,0,0.0199805,0.2732863,0.2932668,0,4.639137,4.303671,0.3354659,5.14032,4.465305,0.639246,1,0.11,2.332129,3.157044,8.776582,7,6,6
22,13,2,2,True,Low,Clear,0,0,0,0,2,2,0,0,0,0,0.2615042,0.2615042,0,0,0,0,0,4,4,0.0480373,0,0,0.0480373,0.7487166,0.7967539,0,4.54631,4.41256,0.13375,5.0438,4.424371,0.5403185,1,0.20,2.355704,1.04264,4.918442,7,6,6
22,20,1,2,False,High,Clear,0,0,0,0,0,0,0,0,0,0,0,0,0,0,0,0,0,2,2,0,0.0225937,0,0.0225937,0.7321422,0.7547358,0,4.199043,4.100728,0.09831572,5.010757,4.428771,0.5020742,1,0.04,2.48063,1.143501,5.613785,7,1,1
22,30,3,2,True,High,Clear,0,0,0,0,0,0,0,0,0,0,0,0,0,0,0,0,0,6,6,0.08858629,0.0454171,0,0.1340034,0.8222651,0.9562685,0,4.310837,4.109654,0.2011824,4.902802,4.345116,0.5181026,1,0.07,2.776612,0.9689051,4.384583,7,6,4
22,16,1,1,False,High,Clear,0,0,0,0,0,0,0,0,0,0,0,0,0,0,0,0,0,0,0,0.0200568,0.0264442,0,0.046501,0.2217404,0.2682414,0,4.285416,4.239935,0.04548073,4.98661,4.386899,0.6541915,1,0.16,2.479768,3.008293,8.363053,7,1,1
22,31,4,2,True,High,Clear,0,0,0,0,0,0,0,0,0,0,0,0,0,0,3,0,3,2,5,0.0641926,0.2407102,0,0.3049028,0.4895275,0.7944303,1.632138,4.545311,4.530844,0.01446724,4.910851,4.312177,0.5466385,1,-5.02,2.678247,1.021291,4.78505,6,7,6
22,31,1,2,True,Low,Clear,0,0,0,0,0,0,0,0,0,0,0,0,0,0,1,0,1,4,5,0,0.2447056,0,0.2447056,0.5442244,0.7889299,1.809631,4.174049,4.045937,0.1281128,5.079506,4.445418,0.5555983,1,-5.02,2.36598,0.3503518,2.919587,4,1,1
22,3,4,1,False,Low,Clear,0,0,0,0,0,0,0,0,0,0,0,0,0,0,0,0,0,0,0,0,0,0,0,0,0,0,0,0,0,5.550537,4.785491,0.5642834,1,-4.86,1.966351,5.575299,46.46064,4,1,1
22,1,2,1,False,Low,Clear,0,0,0,0,0,0,0,0,0,0,0,0,0,0,0,0,0,5,5,0.0659766,0,0,0.0659766,0.7396349,0.8056116,0,4.766701,4.537125,0.2295756,5.138336,4.740002,0.385541,1,0.18,2.511172,2.946275,8.190644,7,5,5
22,3,4,1,False,Low,Clear,2,0,0,2,2,4,0.2688707,0.3087518,0,0.5776225,0.5356035,1.113226,1.212959,0,1,0,1,2,3,0,0.1921286,0,0.1921286,0.3811656,0.5732942,1.699389,4.633698,4.164748,0.3789392,4.90657,4.25322,0.6279292,1,2.13,2.331729,1.148685,3.193345,7,7,7
22,7,4,2,False,Low,Clear,0,0,0,0,0,0,0,0,0,0,0,0,0,0,0,0,0,2,2,0.0218903,0.3571503,0,0.3790406,0.3550766,0.7341173,0,4.394043,4.027069,0.1884537,4.900681,4.369819,0.4915328,1,0.99,2.27678,0.5767641,2.093247,5,7,6
22,8,1,1,True,Low,Clear,0,0,0,0,0,0,0,0,0,0,0.0488394,0.0488394,0,0,0,0,0,4,4,0,0,0,0,0.6931249,0.6931249,0,4.552628,4.235994,0.1449065,5.057365,4.363541,0.7335954,1,1.35,2.553866,1.778714,4.944825,7,1,1
22,24,1,1,True,High,Clear,0,0,0,0,0,0,0,0,0,0,0,0,0,0,0,0,0,2,2,0.0599457,0.0850962,0,0.1450419,0.4117544,0.5567963,0,4.129486,4.008649,0.1208367,4.89856,4.214961,0.5600805,1,0.38,2.721482,2.653877,7.377778,7,1,1
22,15,4,2,True,Low,Clear,0,0,0,0,0,0,0,0,0,0,0,0,0,0,0,0,0,0,0,0,0.0444442,0,0.0444442,0.0452588,0.089703,0,4.223694,4.037856,0.1858377,4.518517,4.02949,0.4451952,1,0.09,2.642101,0.9768137,4.45163,7,7,6
23,2,3,1,False,Low,Clear,0,2,0,2,0,2,0.067233,0.2445382,0,0.3117712,0.0225937,0.3343649,0.1784191,0,0,0,0,0,0,0,0,0,0,0,0,0,5.036476,4.688131,0.5767899,5.342728,4.789117,0.4611859,1,0.92,2.428051,2.447043,6.802781,7,7,7
23,3,4,1,False,Low,Clear,1,0,0,1,0,1,0.0687782,0.08933391,0,0.1581121,0.06458201,0.2226941,0.5110701,0,0,0,0,0,0,0,0,0,0,0,0,0,5.381233,4.746636,0.1767349,5.276031,4.711345,0.5670662,1,1.05,2.319268,2.384724,6.629532,7,7,7
23,18,3,1,False,High,Clear,0,0,0,0,0,0,0,0,0,0,0.0685264,0.0685264,0,0,0,0,0,0,0,0,0,0,0,0,0,0,5.346558,4.652571,0.3817749,5.682983,5.053347,0.6745782,1,1.20,2.340143,2.131642,5.925965,7,7,6
23,17,2,1,False,High,Clear,0,0,0,0,0,0,0,0,0,0,0.08715691,0.08715691,0,0,0,0,0,0,0,0,0,0,0,0.138841,0.138841,0,5.227287,4.716837,0.5104504,6.300537,4.910556,0.7473412,1,0.80,2.443542,2.479471,6.89293,7,7,6
23,4,1,2,False,Low,Clear,1,1,0,2,0,2,0.1799461,0.112994,0,0.2929401,1.152291,1.445231,1.409334,0,0,0,0,0,0,0,0,0,0,0,0,0,5.381279,4.519907,0.8742032,0,0,0,0,0.00,0,0,0,7,1,1
23,12,1,2,True,Low,Clear,1,0,0,1,1,2,0.1126905,0,0,0.1126905,1.43823,1.550921,1.79943,0,0,0,0,0,0,0,0,0,0,0,0,0,5.861252,4.611155,1.451567,0,0,0,0,0.00,0,0,0,7,1,1
23,7,4,2,False,Low,Clear,0,0,0,0,0,0,0,0,0,0,0.1312848,0.1312848,0,0,0,0,0,0,0,0,0,0,0,0,0,0,5.760864,5.040215,0.7206497,5.395378,4.391499,1.205225,1,0.91,1.932463,0.8147634,3.374177,5,7,7
23,21,2,2,False,High,Clear,0,1,0,1,6,7,0.1087205,0.1337652,0,0.2424857,1.554113,1.796599,0.3785474,0,0,0,0,0,0,0,0,0,0,0,0,0,5.66787,4.808064,0.789124,4.722145,4.722145,0,0,5.35,0.0211293,0,0,6,7,5
23,16,1,1,False,High,Clear,0,0,0,0,2,2,0,0,0,0,0.9044174,0.9044174,0,0,0,0,0,1,1,0,0,0,0,0.1629837,0.1629837,0,0,0,0,5.259048,4.720131,0.5389171,0,-5.02,0.6458558,0,0,5,0,0
23,14,3,2,True,Low,Clear,0,0,0,0,0,0,0,0.0461321,0,0.0461321,0.042368,0.0885001,0,0,0,0,0,0,0,0.017875,0.0464454,0,0.0643204,0.1452771,0.2095975,0,0,0,0,5.672729,5.09851,0.6745753,1,-5.02,2.131807,0.8607571,3.592194,6,7,7
23,13,2,2,True,Low,Clear,0,0,0,0,0,0,0,0,0,0,0,0,0,0,0,0,0,0,0,0,0,0,0,0,0,0,3.957344,3.909396,0.04794812,3.939491,3.727584,0.2909489,1,0.58,2.011874,1.030429,4.662995,6,7,7
23,5,2,2,False,Low,Clear,0,0,0,0,0,0,0,0,0,0,0,0,0,0,0,0,0,0,0,0,0,0,0,0,0,0,3.764183,3.706007,0.0581758,3.909843,3.794469,0.07266784,1,0.51,2.266643,0.8552594,3.596619,5,7,7
23,29,2,2,True,High,Clear,0,0,0,0,0,0,0,0,0,0,0,0,0,0,0,0,0,0,0,0,0,0,0,0,0,0,4.65139,4.516861,0.1345291,5.245377,4.521317,0.8312883,1,-0.06,2.259253,1.299421,6.79506,7,7,6
23,9,2,1,True,Low,Clear,0,0,0,0,0,0,0,0,0,0,0,0,0,0,0,0,0,0,0,0,0,0,0,0,0,0,0,0,0,6.268494,5.139734,1.331856,1,-0.78,3.711708,2.769723,7.69983,7,7,7
23,28,1,2,True,High,Clear,0,0,0,0,0,0,0.0448661,0.0413586,0,0.0862247,1.075157,1.161382,0,0,0,0,0,0,0,0,0,0,0,0,0,0,5.703552,5.04346,0.6837893,0,0,0,0,0.00,0,0,0,6,1,1
23,0,1,1,False,Low,Clear,0,0,0,0,0,0,0,0,0,0,0,0,0,0,0,0,0,0,0,0,0,0,0,0,0,0,0,0,0,5.334747,4.41926,0.6924009,1,-5.02,2.278443,6.034866,50.29034,5,0,0
23,27,4,1,True,High,Clear,0,0,0,0,0,0,0,0.0478509,0,0.0478509,0.0439714,0.0918223,0,0,0,0,0,0,0,0.0270955,0,0,0.0270955,0.0907544,0.1178499,0,6.409187,4.871154,1.538033,5.385712,4.61319,0.8534312,1,0.79,2.033721,2.752982,7.65329,7,7,7
23,8,1,1,True,Low,Clear,0,0,0,0,0,0,0,0,0,0,0,0,0,0,0,0,0,0,0,0,0,0,0,0.0413866,0.0413866,0,0,0,0,5.779007,4.971002,0.7310033,1,-0.38,2.287531,3.705937,10.248,6,0,0
23,25,2,1,True,High,Clear,0,0,0,0,0,0,0,0.0448107,0,0.0448107,0,0.0448107,0,0,0,0,0,0,0,0,0.0219062,0,0.0219062,0.0722992,0.09420539,0,5.547348,4.654597,0.8927512,5.854538,4.822133,0.9945455,1,0.49,2.386881,2.786266,7.74582,7,7,7
23,22,3,2,False,High,Clear,0,0,0,0,0,0,0,0,0,0,0,0,0,0,0,0,0,0,0,0,0,0,0,0,0,0,0,0,0,5.115837,4.629018,0.5808291,1,-0.14,2.010864,1.431173,8.033601,7,7,6
23,15,4,2,True,Low,Clear,0,0,0,0,0,0,0,0,0,0,0,0,0,0,0,0,0,0,0,0,0,0,0,0,0,0,0,0,0,5.540833,4.937819,0.4544349,-1,-2.02,1.487222,0,0,3,1,1
23,20,1,2,False,High,Clear,0,0,0,0,3,3,0,0,0,0,0.8596229,0.8596229,0,0,0,0,0,0,0,0,0,0,0,0,0,0,5.611572,4.744999,0.8738189,0,0,0,0,0.00,0,0,0,4,0,0
23,15,4,2,True,Low,Clear,0,0,0,0,0,0,0,0.0214248,0,0.0214248,0.06611469,0.08753949,0,0,0,0,0,0,0,0,0,0,0,0.0428088,0.0428088,0,6.092941,5.477291,0.6156502,5.970261,5.62012,0.4654193,1,0.73,1.810184,0.9982873,4.581437,5,7,7
23,20,1,2,False,High,Clear,0,0,0,0,0,0,0,0,0,0,0,0,0,0,0,0,0,0,0,0,0,0,0,0,0,0,5.388985,4.715659,0.673326,5.45285,5.002743,0.5498548,1,0.53,1.881198,1.099213,5.22049,6,1,1
23,10,3,1,True,Low,Clear,0,0,0,0,0,0,0,0.0219039,0,0.0219039,0.1339091,0.155813,0,0,0,0,0,0,0,0,0,0,0,0.0262131,0.0262131,0,5.268692,4.85777,0.4109221,5.551941,4.786419,0.7697401,1,0.77,2.154973,2.737921,7.61142,7,7,7
23,23,4,2,False,High,Clear,0,0,0,0,0,0,0,0,0,0,0,0,0,0,0,0,0,0,0,0,0.066078,0,0.066078,0.0238876,0.0899656,0,0,0,0,5.308472,4.691694,0.628787,1,-0.24,2.532142,1.139572,5.594498,5,7,6
23,1,2,1,False,Low,Clear,0,0,0,0,2,2,0.0260348,0.0864409,0,0.1124757,0.2022855,0.3147612,0,0,0,0,0,1,1,0,0.043802,0,0.043802,0.08580331,0.1296053,0,5.451973,4.862499,0.5894737,6.007072,4.94276,1.129473,1,0.27,2.497906,2.892529,8.04123,7,7,7
23,11,4,1,True,Low,Clear,0,0,0,0,0,0,0,0,0,0,0,0,0,0,2,0,2,0,2,0.0208982,0.0868274,0,0.1077256,0.1978929,0.3056185,0.1361744,0,0,0,5.561264,4.875725,0.7398734,1,-0.32,2.162254,3.27253,10.93448,7,7,5
23,6,3,2,False,Low,Clear,0,0,0,0,2,2,0,0,0,0,0.133067,0.133067,0,0,0,0,0,3,3,0.1101118,0.0415108,0,0.1516226,0.7124299,0.8640525,0,4.644226,4.532716,0.1115103,5.8452,4.847154,0.9620767,1,0.07,2.734337,0.9039749,3.917191,6,7,6
23,26,3,1,True,High,Clear,0,1,0,1,3,4,0.2255904,0.0411405,0,0.2667309,0.4017144,0.6684453,0.6668289,0,0,0,0,0,0,0,0.020043,0,0.020043,0.125997,0.14604,0,5.347054,4.621617,0.7254367,5.28994,4.778049,0.5712624,1,0.76,1.960415,2.973055,8.265092,6,7,7
23,30,3,2,True,High,Clear,0,0,0,0,3,3,0.0695471,0,0,0.0695471,0.414089,0.4836361,0,0,0,0,0,6,6,0.1320907,0.1521362,0,0.2842269,0.8864071,1.170634,0,5.00312,4.588115,0.4150057,5.950127,4.911108,1.012469,1,0.73,2.087747,0.9121126,3.952454,6,7,7
23,24,1,1,True,High,Clear,0,2,0,2,2,4,0.1316248,0.2229868,0,0.3546116,0.1770182,0.5316298,0.0668501,0,0,0,0,1,1,0.0431667,0.0218449,0,0.0650116,0.2650804,0.330092,0,4.935287,4.648203,0.2870841,5.405869,4.771809,0.5923667,1,0.49,1.753554,3.31349,9.211503,7,1,1
23,31,4,2,True,High,Clear,0,0,0,0,0,0,0,0,0,0,0,0,0,1,0,0,1,1,2,0.0903797,0.0456554,0,0.1360351,0.1562695,0.2923046,0.8695474,4.771576,4.700628,0.07094812,5.357216,4.938479,0.3560529,1,0.02,1.789902,1.466368,8.371934,6,7,5
23,19,4,1,False,High,Clear,0,1,0,1,2,3,0,0.0885001,0,0.0885001,0.6888365,0.7773365,1.60966,0,4,0,4,0,4,0.1095425,0.2581494,0,0.3676919,0.4917579,0.8594497,0,4.862358,4.555306,0.3070517,5.366257,4.556834,0.8829637,1,0.69,2.330837,2.664629,7.40767,7,7,7
24,19,4,1,False,High,Clear,0,0,0,0,2,2,0.0472159,0,0,0.0472159,0.7078138,0.7550297,0,0,2,0,2,0,2,0,0.1228082,0,0.1228082,0,0.1228082,0.7916476,3.854164,3.727,0.2183511,4.008186,3.646253,0.3875353,1,1.07,2.186125,2.48114,6.897568,4,4,7
24,11,4,1,True,Low,Clear,0,0,0,0,0,0,0,0,0,0,0,0,0,1,0,0,1,1,2,0.0670283,0.0241407,0,0.091169,0.1788865,0.2700555,1.466112,4.011024,3.953752,0.05727291,4.459579,3.975954,0.4059095,1,0.09,2.198719,3.488939,9.69925,4,7,7
24,1,2,1,False,Low,Clear,0,0,0,0,2,2,0.2644492,0,0,0.2644492,0.9788132,1.243262,0,1,0,0,1,2,3,0.1987339,0.0327751,0,0.231509,0.1839925,0.4155015,1.15624,3.597366,3.485938,0.04788089,3.813499,3.442542,0.3237281,1,1.15,2.253076,2.231208,6.202759,4,4,4
24,30,3,2,True,High,Clear,2,2,0,4,2,6,0.4094012,0.0710424,0,0.4804436,0.5293178,1.009761,0.0666379,2,0,0,2,1,3,0.3547667,0,0,0.3547667,0.3101369,0.6649036,0.2664037,3.852089,3.55095,0.2364938,3.86573,3.626777,0.4539704,1,1.14,2.043739,0.7256998,2.703446,4,5,6
24,19,4,1,False,High,Clear,0,0,0,0,6,6,0.0684166,0.0223484,0,0.090765,0.9305524,1.021317,0,0,0,0,0,0,0,0,0.0413141,0,0.0413141,0.087727,0.1290411,0,3.711594,3.619913,0.2257996,3.54007,3.425175,0.1287606,1,0.93,2.134151,2.582984,7.180695,5,6,6
24,29,2,2,True,High,Clear,2,0,0,2,0,2,0.3133792,0,0,0.3133792,0.3544047,0.6677839,0.0692068,0,4,0,4,0,4,0.0636862,0.2446212,0,0.3083074,0.1801242,0.4884316,0.5350958,3.620255,3.484923,0.1353319,3.709587,3.490178,0.3684628,1,0.84,2.110938,0.8514268,3.498765,4,4,4
24,2,3,1,False,Low,Clear,0,0,0,0,2,2,0.0890787,0,0,0.0890787,0.5770458,0.6661245,0,0,0,0,0,0,0,0,0.1303362,0,0.1303362,0.061745,0.1920812,0,3.69529,3.641052,0.1269023,3.579834,3.304991,0.2858438,1,1.00,2.15229,2.55498,7.102845,4,6,6
24,25,2,1,True,High,Clear,2,0,0,2,0,2,0.1576278,0,0,0.1576278,0.0418664,0.1994942,0.0891664,0,0,0,0,1,1,0,0,0,0,0.1312385,0.1312385,0,3.710182,3.679463,0.0307188,3.914581,3.657457,0.2331243,1,0.11,2.069515,3.581628,9.956925,4,3,3
24,24,1,1,True,High,Clear,2,0,0,2,0,2,0.08813401,0,0,0.08813401,0,0.08813401,0.067283,1,0,0,1,5,6,0.531272,0.3789296,0,0.9102015,0.2449407,1.155142,2.179448,3.627426,3.56651,0.06091571,4.347641,3.773561,0.5116045,1,0.02,2.221222,3.481403,9.6783,3,3,2
24,4,1,2,False,Low,Clear,2,0,0,2,16,18,0.1572904,0,0,0.1572904,3.174574,3.331864,1.309074,0,0,0,0,0,0,0,0,0,0,0,0,0,3.933762,3.762946,0.1717622,0,0,0,0,0.00,0,0,0,1,1,1
24,20,1,2,False,High,Clear,0,0,0,0,20,20,0,0,0,0,2.508644,2.508644,0,0,0,0,0,0,0,0,0,0,0,0,0,0,3.837181,3.515874,0.3205674,0,0,0,0,0.00,0,0,0,1,1,1
24,9,2,1,True,Low,Clear,0,0,0,0,0,0,0,0,0,0,0,0,0,0,0,0,0,0,0,0,0,0,0,0,0,0,0,0,0,4.265511,3.878766,0.3222597,1,-2.50,1.865506,3.163327,26.36095,4,1,1
24,22,3,2,False,High,Clear,0,0,0,0,4,4,0.1081419,0.0480766,0,0.1562185,1.310218,1.466436,0,3,0,0,3,0,3,0.2878209,0.1781885,0,0.4660094,0.0232498,0.4892592,0,3.705757,3.56737,0.165828,4.053711,3.546656,0.599431,1,1.40,1.865686,0.5379451,1.849076,4,5,7
24,8,1,1,True,Low,Clear,0,0,0,0,0,0,0,0,0,0,0,0,0,0,0,0,0,0,0,0,0,0,0,0,0,0,3.868149,3.823491,0.04465747,4.000244,3.642498,0.4835227,1,-0.04,2.110073,3.663037,10.18324,3,1,1
24,7,4,2,False,Low,Clear,6,0,0,6,0,6,0.8231338,0.0887392,0,0.911873,0.5108696,1.422743,0.1125183,0,4,0,4,0,4,0,0.4445079,0,0.4445079,0.1111542,0.5556621,0,3.565956,3.466438,0.1716931,3.804893,3.484931,0.3998015,1,1.38,1.920163,0.5831402,1.985764,4,7,6
24,15,4,2,True,Low,Clear,0,0,0,0,0,0,0.0219622,0.0188303,0,0.0407925,0.0188772,0.0596697,0,2,0,0,2,3,5,0.2881535,0.2906852,0,0.5788387,0.2668692,0.8457079,1.377486,3.752754,3.718571,0.03418279,4.235039,3.739587,0.4485769,1,0.00,1.998794,1.361636,7.381836,6,5,6
24,28,1,2,True,High,Clear,0,0,0,0,16,16,0,0,0,0,2.177358,2.177358,0,0,0,0,0,0,0,0,0,0,0,0,0,0,3.90274,3.63071,0.2687421,0,0,0,0,0.00,0,0,0,2,1,1
24,12,1,2,True,Low,Clear,0,0,0,0,14,14,0,0.021561,0,0.021561,2.768165,2.789726,0,0,0,0,0,0,0,0,0,0,0,0,0,0,3.865479,3.73107,0.1427243,0,0,0,0,0.00,0,0,0,2,1,1
24,31,4,2,True,High,Clear,0,0,0,0,6,6,0.2030743,0.1118181,0,0.3148924,0.8842183,1.199111,0,0,0,0,0,0,0,0,0,0,0,0,0,0,3.423309,3.268148,0.223732,3.791168,3.234462,0.6687679,1,1.27,1.777764,0.7234294,2.741288,4,5,5
24,23,4,2,False,High,Clear,0,2,0,2,0,2,0,0.0887441,0,0.0887441,0.06614789,0.154892,0.1147801,0,1,0,1,2,3,0.1599454,0.0233886,0,0.183334,0.3921682,0.5755022,0.8444685,3.765732,3.657513,0.1082187,3.908958,3.603782,0.2911339,1,0.09,1.983534,1.331818,7.220185,5,4,5
24,13,2,2,True,Low,Clear,0,0,0,0,0,0,0,0,0,0,0.0670053,0.0670053,0,0,0,0,0,3,3,0.1369564,0.1093982,0,0.2463546,0.3136288,0.5599834,0,3.698776,3.618746,0.08003044,3.935532,3.657521,0.3288479,1,-5.02,1.997288,1.41614,7.858582,4,5,6
24,26,3,1,True,High,Clear,6,0,0,6,2,8,1.04222,0.0211883,0,1.063408,0.7363178,1.799726,0.2430924,1,0,0,1,1,2,0.1804636,0.0650489,0,0.2455125,0.2871236,0.5326361,1.131703,3.672432,3.558945,0.09380674,3.721054,3.460418,0.2292364,1,1.82,2.045105,1.78002,4.948456,5,5,7
24,14,3,2,True,Low,Clear,5,0,0,5,4,9,0.6408095,0,0,0.6408095,0.6246209,1.26543,0.466874,1,0,0,1,0,1,0.0681815,0.0254136,0,0.0935951,0.0209258,0.1145209,0,3.785507,3.683519,0.1196704,3.813904,3.401449,0.5625558,1,1.18,1.821287,0.7615895,2.959,4,5,6
24,21,2,2,False,High,Clear,4,1,0,5,3,8,0.510748,0.0447418,0,0.5554898,0.5772361,1.132726,0.3566026,0,1,0,1,0,1,0,0.0259126,0,0.0259126,0.0470518,0.0729644,0,3.685562,3.615947,0.08199644,3.90477,3.478044,0.650193,1,1.04,1.887768,0.7314903,2.865464,5,5,5
24,3,4,1,False,Low,Clear,0,0,0,0,0,0,0,0,0,0,0,0,0,4,0,0,4,2,6,0.4425986,0.2414272,0,0.6840258,0.2911807,0.9752065,1.599818,0,0,0,3.893456,3.700055,0.2626727,1,-0.16,2.220233,3.541395,9.845078,6,7,5
24,17,2,1,False,High,Clear,2,0,0,2,2,4,0.9337152,0,0,0.9337152,0.5758343,1.509549,1.487491,1,0,0,1,2,3,0.0670106,0.3646344,0,0.431645,0.3739193,0.8055643,0.112827,3.509018,3.372406,0.08480811,3.564896,3.310805,0.3466165,1,1.62,2.254392,1.771096,4.923645,6,6,7
24,0,1,1,False,Low,Clear,0,2,0,2,2,4,0.7780337,0.2426909,0,1.020725,0.422654,1.443379,1.265572,0,2,0,2,3,5,0.0478869,0.1539703,0,0.2018572,0.4283423,0.6301996,0.1112686,3.788208,3.627528,0.1060145,3.89167,3.595613,0.2504644,1,1.35,1.89738,2.398918,6.668992,4,1,1
24,17,2,1,False,High,Clear,0,0,0,0,2,2,0.0442162,0,0,0.0442162,0.8965296,0.9407458,0,0,0,0,0,3,3,0,0,0,0,0.2000505,0.2000505,0,3.636116,3.561851,0.07426524,3.67041,3.407729,0.3123081,1,0.90,1.9781,2.780541,7.729905,4,4,6
24,18,3,1,False,High,Clear,0,0,0,0,2,2,0,0.0432935,0,0.0432935,0.1122633,0.1555568,0,0,1,0,1,0,1,0,0.3101248,0,0.3101248,0.1564311,0.4665559,0,3.730461,3.678797,0.05166459,3.935257,3.582263,0.5650132,1,0.09,1.776076,3.432057,10.5889,5,6,5
24,5,2,2,False,Low,Clear,0,0,0,0,0,0,0,0.0444946,0,0.0444946,0.0216938,0.0661884,0,1,2,0,3,0,3,0.230481,0.1044935,0,0.3349745,0.120755,0.4557295,0,3.696472,3.680367,0.01610565,3.729713,3.552258,0.212918,1,-5.02,2.010437,1.404503,7.704117,6,6,6
24,6,3,2,False,Low,Clear,2,0,0,2,0,2,0.4789958,0.06622811,0,0.545224,0,0.545224,0.0896952,0,2,0,2,5,7,0,0.1098518,0,0.1098518,0.7125832,0.822435,1.480451,3.738159,3.587727,0.1504319,3.701523,3.495773,0.2510967,1,0.48,2.009347,1.058115,4.957581,5,5,6
24,16,1,1,False,High,Clear,0,0,0,0,8,8,0.5357568,0.13285,0,0.6686068,1.195828,1.864435,0,0,1,0,1,0,1,0.0210709,0.244793,0,0.2658639,0.244949,0.5108129,0,3.561378,3.39218,0.1485991,3.879028,3.580619,0.3782406,1,2.00,1.909723,1.734513,4.821946,5,1,1
24,10,3,1,True,Low,Clear,0,0,0,0,0,0,0.0433805,0,0,0.0433805,0,0.0433805,0,3,0,0,3,1,4,0.2602623,0.1284243,0,0.3886866,0.3184948,0.7071814,0,3.547829,3.533847,0.01398206,3.986694,3.629909,0.2938983,1,-0.04,1.855402,3.327481,10.69217,5,5,5
24,27,4,1,True,High,Clear,2,0,0,2,2,4,0.5117675,0.1333515,0,0.645119,0.4661003,1.111219,0.0878484,0,1,0,1,0,1,0,0.1138869,0,0.1138869,0.041961,0.1558479,0,3.607857,3.531597,0.1286697,3.757393,3.340105,0.3954151,1,1.02,1.866415,2.698857,7.502823,5,7,7
25,0,3,1,True,High,Clear,0,2,0,2,0,2,0,0.4479266,0,0.4479266,0,0.4479266,0.088418,0,2,0,2,2,4,0.0445958,0.1981886,0,0.2427844,0.1151312,0.3579156,0.491098,4.952957,4.856805,0.09615183,5.167175,4.796966,0.4425125,1,0.89,2.69995,2.149887,5.976685,7,7,7
25,31,4,2,True,High,Clear,0,0,0,0,0,0,0,0,0,0,0,0,0,0,0,0,0,0,0,0,0,0,0,0,0,0,5.116051,5.116051,0,5.253853,5.005242,0.2069821,1,-0.08,2.564539,1.132192,5.413346,7,1,1
25,7,4,2,False,Low,Clear,10,2,0,12,2,14,3.174635,0.1785081,0,3.353143,0.9669436,4.320086,0.0889253,0,0,0,0,0,0,0,0,0,0,0,0,0,5.188011,4.902437,0.1505437,0,0,0,0,0.00,0,0,0,1,7,7
25,28,1,2,True,High,Clear,0,4,0,4,15,19,0.641278,0.53557,0,1.176848,2.050185,3.227033,0.08959071,0,0,0,0,0,0,0,0,0,0,0,0,0,5.193214,5.018598,0.1714439,0,0,0,0,0.00,0,0,0,1,1,1
25,26,3,1,True,High,Clear,0,0,0,0,2,2,0,0.0658081,0,0.0658081,0.8005481,0.8663562,0,0,4,0,4,0,4,0,0.2454467,0,0.2454467,0.1754336,0.4208803,1.151159,5.147629,5.082317,0.0641098,5.195824,4.957488,0.2247992,1,0.94,2.802356,1.992348,5.538727,7,7,7
25,6,3,2,False,Low,Clear,0,0,0,0,4,4,0.5316589,0,0,0.5316589,0.6692522,1.200911,0,0,0,0,0,0,0,0,0,0,0,0,0,0,5.152382,5.037294,0.115983,5.251076,5.070391,0.1948361,1,1.33,2.423834,0.1278172,0.3553319,6,7,7
25,13,2,2,True,Low,Clear,8,0,0,8,4,12,1.598621,0,0,1.598621,2.3557,3.95432,2.13331,0,0,0,0,0,0,0,0,0,0,0,0,0,5.200874,4.961188,0.1414437,0,0,0,0,0.00,0,0,0,1,7,7
25,31,4,2,True,High,Clear,0,1,0,1,1,2,0,0.5949226,0,0.5949226,0.1088943,0.7038169,0.1527526,0,0,0,0,0,0,0,0,0,0,0,0,0,4.939613,4.703152,0.2364616,5.105759,4.844855,0.1091447,1,0.88,2.401835,0.6223636,2.278656,7,7,7
25,1,2,1,False,Low,Clear,0,2,0,2,0,2,0,0.1975112,0,0.1975112,0.1136378,0.311149,0.0677325,0,0,0,0,2,2,0.0211407,0.0629654,0,0.0841061,0.3118647,0.3959708,0,5.10318,4.947639,0.1555414,5.242775,4.831083,0.5628085,1,0.80,2.777754,2.24167,6.231843,7,7,7
25,23,4,2,False,High,Clear,0,0,0,0,2,2,0,0,0,0,0.6015915,0.6015915,0,0,0,0,0,0,0,0.0416028,0.0877014,0,0.1293042,0.08738931,0.2166935,0,4.941414,4.793089,0.1483245,5.021729,4.853778,0.2921238,1,0.91,2.254255,0.661293,2.421189,7,7,7
25,9,2,1,True,Low,Clear,0,0,0,0,2,2,0,0,0,0,0.6991433,0.6991433,0,0,1,0,1,1,2,0,0.1889559,0,0.1889559,0.1629872,0.3519431,1.330714,4.997849,4.906474,0.0913744,5.065063,4.922618,0.1669979,1,0.77,2.274838,2.652263,7.373291,7,7,7
25,30,3,2,True,High,Clear,10,2,0,12,5,17,1.750127,0.5452818,0,2.295409,1.87777,4.173179,0.0811309,0,0,0,0,0,0,0,0,0,0,0,0,0,4.883034,4.601133,0.357378,4.679352,4.603855,0.07549715,0,5.16,0.2480793,0,0,1,7,7
25,19,4,1,False,High,Clear,0,0,0,0,2,2,0,0.0662799,0,0.0662799,0.3336492,0.3999291,0,0,4,0,4,0,4,0,0.2861751,0,0.2861751,0.0906426,0.3768177,1.674938,4.956673,4.833298,0.1233745,5.0037,4.838745,0.1607423,1,0.76,2.528275,2.4182,6.722596,7,7,7
25,27,4,1,True,High,Clear,0,0,0,0,2,2,0,0,0,0,0.4697947,0.4697947,0,0,0,0,0,0,0,0,0.0668838,0,0.0668838,0.0199021,0.08678591,0,5.160019,4.949276,0.210743,5.128143,4.933847,0.250176,1,0.71,2.569543,2.454766,6.82425,7,7,7
25,17,2,1,False,High,Clear,0,0,0,0,2,2,0,0,0,0,0.5775306,0.5775306,0,0,1,0,1,1,2,0,0.08513449,0,0.08513449,0.1505013,0.2356358,1.188197,4.92675,4.749864,0.1768866,5.004158,4.682913,0.3000894,1,0.80,2.718274,2.260804,6.285035,7,7,7
25,8,1,1,True,Low,Clear,0,2,0,2,2,4,0.6640196,0.2450735,0,0.9090931,1.117194,2.026287,1.825804,0,2,0,2,4,6,0,0.2368797,0,0.2368797,0.4954702,0.7323499,0.6421239,5.231361,5.042642,0.1337609,5.180717,4.925851,0.2758479,1,2.24,2.77858,0.8492835,2.361008,7,1,1
25,11,4,1,True,Low,Clear,0,2,0,2,0,2,0,0.4212765,0,0.4212765,0.0686964,0.4899729,0.0890869,0,0,0,0,2,2,0,0,0,0,0.1674695,0.1674695,0,5.145325,4.999733,0.1455913,5.004425,4.786426,0.2941151,1,0.84,2.488554,2.362802,6.568589,7,7,7
25,0,1,1,False,Low,Clear,0,0,0,0,6,6,0.1775346,0.3511887,0,0.5287233,1.110923,1.639646,0,2,0,0,2,0,2,0.1898064,0.0820279,0,0.2718343,0.0201926,0.2920269,0.6300782,4.9384,4.815135,0.1512079,4.959763,4.712437,0.2907619,1,2.13,2.445708,1.127175,3.133545,7,1,1
25,12,1,2,True,Low,Clear,0,0,0,0,0,0,0,0,0,0,0,0,0,0,0,0,0,0,0,0,0,0,0,0,0,0,0,0,0,5.248398,5.042186,0.1799374,1,-2.48,1.987469,3.074132,25.61766,7,1,1
25,24,1,1,True,High,Clear,0,2,0,2,0,2,0.2209807,0.8206378,0,1.041618,0.311381,1.352999,0.110361,0,0,0,0,3,3,0.080647,0.0573785,0,0.1380255,0.2118935,0.349919,0,4.986313,4.8021,0.09561157,5.041595,4.738323,0.1345034,1,1.56,2.465699,1.688983,4.695374,7,1,1
25,18,3,1,False,High,Clear,0,0,0,0,2,2,0,0.4916986,0,0.4916986,0.1522412,0.6439397,0,0,2,0,2,2,4,0,0.280935,0,0.280935,0.1443795,0.4253145,1.200337,4.820335,4.609923,0.04090309,4.823448,4.674067,0.08748245,1,1.00,2.558946,2.218815,6.168305,7,7,7
25,3,4,1,False,Low,Clear,2,0,0,2,0,2,0.4687708,0,0,0.4687708,0,0.4687708,0.1101842,0,0,0,0,0,0,0.082951,0.06229831,0,0.1452493,0.0836378,0.2288871,0,4.728333,4.624608,0.1264739,4.91848,4.453757,0.638402,1,1.00,2.615957,2.171502,6.036774,7,7,7
25,10,3,1,True,Low,Clear,0,0,0,0,0,0,0,0,0,0,0,0,0,0,2,0,2,0,2,0.0890195,0.3679936,0,0.4570131,0.2409026,0.6979157,0.983311,4.272369,4.164876,0.1074929,5.137146,4.917027,0.2339354,1,0.02,2.351421,3.285942,9.134919,7,7,6
25,22,3,2,False,High,Clear,0,0,0,0,2,2,0.0449928,0,0,0.0449928,0.4222848,0.4672776,0,0,2,0,2,0,2,0.0418177,0.08163641,0,0.1234541,0.104503,0.2279571,0.6884745,4.799454,4.675872,0.1235819,4.871948,4.701559,0.2451758,1,0.84,2.246004,0.6786754,2.571702,7,7,7
25,21,2,2,False,High,Clear,0,0,0,0,0,0,0,0,0,0,0,0,0,6,1,0,7,0,7,0.6044723,0.0697806,0,0.6742529,0.0419217,0.7161746,1.240691,4.780045,4.744688,0.035357,4.97718,4.747112,0.2009768,1,-0.04,2.650313,1.065625,4.992768,7,7,7
25,29,2,2,True,High,Clear,0,0,0,0,2,2,0,0.3202528,0,0.3202528,0.1360998,0.4563527,0,0,2,0,2,2,4,0.1034705,0.1106135,0,0.214084,0.1984699,0.4125539,1.123571,4.480568,4.325184,0.1553841,4.634491,4.464083,0.07334757,1,0.70,2.381426,0.6730868,2.507447,7,7,7
25,16,1,1,False,High,Clear,0,2,0,2,0,2,0,0.2441097,0,0.2441097,1.488886,1.732995,0.090041,0,0,0,0,2,2,0.1339572,0.1144227,0,0.2483799,0.1313447,0.3797246,0,5.059692,4.775014,0.2467804,4.975105,4.666481,0.6274109,1,1.93,2.66517,1.087765,3.023987,7,1,1
25,5,2,2,False,Low,Clear,2,0,0,2,0,2,0.224622,0.0909052,0,0.3155272,0.06397031,0.3794975,0.4117952,0,0,0,0,2,2,0,0.0419458,0,0.0419458,0.2814542,0.3234,0,4.484818,4.19179,0.1077075,4.926628,4.587689,0.2944713,1,1.11,2.48632,0.2922425,0.8829503,6,7,7
25,25,2,1,True,High,Clear,0,2,0,2,0,2,0,0.4706044,0,0.4706044,0.0229436,0.493548,0.080082,0,2,0,2,0,2,0,0.1988755,0,0.1988755,0.0907118,0.2895873,1.09978,4.505142,4.132188,0.3729544,4.824638,4.615932,0.1557827,1,0.79,2.514318,2.389938,6.644028,7,7,7
25,20,1,2,False,High,Clear,2,2,0,4,12,16,0.802648,0.8209744,0,1.623622,2.3309,3.954523,0.110961,0,0,0,0,0,0,0,0,0,0,0,0,0,4.894661,4.53193,0.4496269,0,0,0,0,0.00,0,0,0,1,1,1
25,15,4,2,True,Low,Clear,0,0,0,0,2,2,0,0,0,0,0.4337812,0.4337812,0,0,0,0,0,0,0,0,0,0,0,0,0,0,4.956909,4.858193,0.09871578,5.100235,4.833195,0.2851005,1,0.84,2.247084,0.708343,2.706788,7,7,7
25,4,1,2,False,Low,Clear,6,1,0,7,9,16,1.040708,0.4224053,0,1.463114,2.600065,4.063179,0.7546841,0,0,0,0,0,0,0,0,0,0,0,0,0,4.880089,4.428288,0.2376366,0,0,0,0,0.00,0,0,0,1,1,1
25,2,3,1,False,Low,Clear,0,0,0,0,2,2,0.3557093,0,0,0.3557093,0.2440381,0.5997474,0,4,0,0,4,0,4,0.3315651,0.0439788,0,0.3755439,0.0823014,0.4578453,0.8011369,4.682747,4.488375,0.1475182,4.936798,4.624854,0.3710322,1,0.98,2.683746,2.06654,5.74498,7,7,7
25,14,3,2,True,Low,Clear,0,2,0,2,0,2,0,0.5993309,0,0.5993309,0.5773798,1.176711,0.0700779,0,0,0,0,1,1,0,0,0,0,0.1337907,0.1337907,0,4.736664,4.468405,0.05164146,4.819061,4.657005,0.1879601,1,1.11,2.090002,0.5927711,2.113404,6,7,7
26,0,4,1,False,Low,Clear,2,0,0,2,1,3,0.3366805,0.1769412,0,0.5136217,0.5315894,1.045211,0.0680844,0,2,0,2,0,2,0,0.1089215,0,0.1089215,0.0467964,0.1557179,1.099352,5.37281,5.214147,0.09987736,5.136635,4.669232,0.4891067,1,1.31,3.626685,0.9575276,2.661927,7,7,7
26,0,4,1,True,Low,Clear,2,0,0,2,0,2,0.6676512,0.0211481,0,0.6887993,0,0.6887993,0.088479,0,0,0,0,0,0,0,0,0,0,0,0,0,5.194237,5.011591,0.2078614,4.970428,4.63722,0.3960586,1,1.20,2.956008,1.670931,4.645188,7,7,7
26,19,4,1,False,High,Clear,2,0,0,2,0,2,0.5578222,0.0895768,0,0.6473989,0.0466208,0.6940197,0.0767915,0,0,0,0,0,0,0,0,0,0,0,0,0,5.256416,5.134398,0.2300816,5.015526,4.620609,0.5635872,1,1.08,3.00743,1.694401,4.710434,7,6,7
26,31,4,2,True,High,Clear,2,0,0,2,0,2,0.2213383,0.1777308,0,0.3990691,0.3773421,0.7764112,0.3129571,0,0,0,0,1,1,0,0.0229875,0,0.0229875,0.1763248,0.1993123,0,4.842102,4.723822,0.1717172,4.862961,4.570402,0.3787374,1,1.27,2.712631,0.1727703,0.4803014,6,7,7
26,23,4,2,False,High,Clear,0,0,0,0,4,4,0.0682044,0.1104983,0,0.1787027,0.9998097,1.178512,0,0,0,0,0,4,4,0.04282,0.1348141,0,0.1776341,0.242415,0.4200491,0,4.644165,4.459918,0.1592736,4.855507,4.674838,0.1417403,-1,1.62,2.075387,0,0,7,6,7
26,22,3,2,False,High,Clear,0,4,0,4,0,4,0,0.4682313,0,0.4682313,0.5331127,1.001344,0.0698872,3,0,0,3,2,5,0.2706905,0.0457704,0,0.3164609,0.2616111,0.578072,0.5553192,4.954948,4.69712,0.1210442,5.126289,4.712983,0.7929635,-1,1.24,2.44259,0,0,7,6,7
26,3,4,1,False,Low,Clear,0,2,0,2,4,6,0.0455075,0.6437431,0,0.6892506,0.6209459,1.310196,1.154918,0,0,0,0,0,0,0,0,0,0,0,0,0,4.895752,4.706482,0.09624529,4.815376,4.464596,0.3816757,1,1.49,2.896035,1.447867,4.025071,7,7,7
26,28,1,2,True,High,Clear,0,0,0,0,17,17,0,0,0,0,3.821874,3.821874,0,0,0,0,0,0,0,0,0,0,0,0,0,0,4.873604,4.629164,0.2520313,0,0,0,0,0.00,0,0,0,1,1,1
26,15,4,2,True,Low,Clear,0,0,0,0,2,2,0,0,0,0,0.8923067,0.8923067,0,0,0,0,0,0,0,0,0,0,0,0,0,0,5.029831,4.8673,0.1094418,4.924706,4.330492,0.8103247,1,1.18,2.721388,0.2438438,0.6977086,7,7,7
26,12,1,2,True,Low,Clear,0,2,0,2,15,17,0,0.244987,0,0.244987,2.556988,2.801975,0.0881299,0,0,0,0,0,0,0,0,0,0,0,0,0,5.303047,4.836277,0.5167871,5.016975,4.983617,0.0333581,0,5.06,0.3110629,0,0,7,1,1
26,15,4,2,True,Low,Clear,2,0,0,2,15,17,1.461407,0.0433433,0,1.50475,2.562672,4.067422,2.242732,0,0,0,0,1,1,0,0,0,0,0.0884157,0.0884157,0,5.224617,4.970979,0.1838698,4.823105,4.646311,0.1767936,0,4.95,0.4215102,0,0,7,1,1
26,29,2,2,True,High,Clear,0,0,0,0,2,2,0.2103381,0.1783694,0,0.3887075,0.7953593,1.184067,0,3,0,0,3,2,5,0.4223915,0.2446952,0,0.6670867,0.2662288,0.9333155,0,5.156784,4.916254,0.08802795,5.336922,5.061955,0.2147918,1,1.11,2.657171,0.2966534,0.8677984,5,7,7
26,27,4,1,True,High,Clear,0,2,0,2,2,4,0,0.2894713,0,0.2894713,0.3548599,0.6443312,1.200115,0,0,0,0,0,0,0,0.0707446,0,0.0707446,0.0639521,0.1346967,0,5.071136,4.653035,0.4490099,4.840729,4.373311,0.4230599,1,1.80,2.514471,1.434145,3.986924,7,7,7
26,25,2,1,True,High,Clear,1,3,0,4,0,4,0.8879657,0.3108724,0,1.198838,0.3793063,1.578144,0.08970051,0,0,0,0,0,0,0,0,0,0,0.3117373,0.3117373,0,5.050728,4.81763,0.08900976,4.935364,4.371143,0.7487502,1,1.60,2.569036,1.618832,4.500351,7,7,7
26,0,1,1,False,Low,Clear,0,0,0,0,6,6,0,0,0,0,1.490203,1.490203,0,2,0,0,2,0,2,0.1555157,0.0857489,0,0.2412646,0.0482619,0.2895265,0.289701,4.986938,4.791876,0.2295222,5.055618,4.461119,0.8250685,1,2.27,2.647021,0.8571435,2.382859,7,1,1
26,15,4,2,True,Low,Clear,0,0,0,0,2,2,0.08899081,0.4639798,0,0.5529705,0.7793914,1.332362,0,0,3,0,3,0,3,0.1777196,0.1773639,0,0.3550835,0.1157315,0.470815,0,5.097366,4.823562,0.1367559,5.116409,4.619768,0.6270218,1,1.27,2.654882,0.1747298,0.4857488,7,7,7
26,7,4,2,False,Low,Clear,2,0,0,2,2,4,0.1333638,0.0655123,0,0.1988761,0.6266245,0.8255006,0.1109231,0,0,0,0,0,0,0,0,0,0,0,0,0,4.738159,4.564092,0.1001954,4.912849,4.507448,0.4127517,1,1.20,2.517672,0.3081364,0.8816686,7,7,7
26,4,1,2,False,Low,Clear,0,0,0,0,13,13,0,0,0,0,2.956605,2.956605,0,0,0,0,0,0,0,0,0,0,0,0,0,0,4.90461,4.567442,0.3699927,4.707268,4.637563,0.06970453,0,5.11,0.3082191,0,0,7,1,1
26,24,1,1,True,High,Clear,0,2,0,2,8,10,0.0222195,0.199788,0,0.2220075,1.82214,2.044147,0.0892849,0,1,0,1,1,2,0,0.1743533,0,0.1743533,0.0877852,0.2621385,0.2676272,4.74514,4.608459,0.1456804,4.89109,4.23004,0.9598725,1,2.40,2.63138,0.7344968,2.041901,7,1,1
26,17,2,1,False,High,Clear,0,2,0,2,2,4,0,0.3970293,0,0.3970293,0.5461964,0.9432257,0.0681313,0,0,0,0,0,0,0,0,0,0,0,0,0,4.837769,4.619893,0.2306843,4.740181,4.119552,0.8273449,1,1.10,2.5856,2.083324,5.791642,7,7,7
26,30,3,2,True,High,Clear,2,2,0,4,2,6,0.1587999,0.1774176,0,0.3362175,0.8186273,1.154845,0.4222774,2,0,0,2,0,2,0.1576303,0.0203796,0,0.1780099,0.0850399,0.2630498,0.4891748,4.836502,4.655048,0.3086658,4.994011,4.476851,0.8844037,1,1.27,2.622037,0.1657721,0.4608465,7,7,7
26,10,3,1,True,Low,Clear,0,2,0,2,0,2,0,0.2421495,0,0.2421495,0.4726618,0.7148113,0.4990903,0,0,0,0,0,0,0,0,0,0,0,0,0,4.635635,4.338995,0.2993646,4.594673,4.036551,0.7440898,1,1.32,2.640261,1.855145,5.157303,5,7,7
26,11,4,1,True,Low,Clear,1,1,0,2,0,2,0.2704633,0.1108178,0,0.3812811,0.3744977,0.7557788,0.08919159,0,0,0,0,0,0,0,0,0,0,0,0,0,4.85302,4.659834,0.2037406,4.738884,4.033388,0.907233,1,1.02,2.638548,2.130242,5.922074,7,7,7
26,14,3,2,True,Low,Clear,4,0,0,4,2,6,0.4748832,0,0,0.4748832,0.527411,1.002294,0.5821267,0,2,0,2,0,2,0,0.1785234,0,0.1785234,0.0686614,0.2471848,0.5315999,4.793205,4.645679,0.09281921,4.723045,4.192026,0.7293415,1,1.20,2.709659,0.2537077,0.7053075,7,7,7
26,9,2,1,True,Low,Clear,2,0,0,2,0,2,0.1775378,0.0433382,0,0.220876,0.6011957,0.8220717,0.0886686,0,0,0,0,0,0,0,0,0,0,0,0,0,4.74662,4.599146,0.09321022,4.710754,3.969375,0.9388738,1,1.11,2.640985,2.017734,5.609299,7,7,7
26,20,1,2,False,High,Clear,0,2,0,2,10,12,0,0.8457224,0,0.8457224,1.959242,2.804964,0.0687417,0,0,0,0,0,0,0,0,0,0,0,0,0,4.905579,4.650519,0.1993003,4.692467,4.599928,0.09253836,0,4.93,0.4432357,0,0,7,1,1
26,18,3,1,False,High,Clear,2,0,0,2,2,4,0.2876231,0.0227437,0,0.3103668,0.3549613,0.6653281,0.1095711,0,0,0,0,0,0,0,0,0,0,0,0,0,4.84108,4.681651,0.2443314,4.669647,4.062955,0.6733763,1,0.93,2.623052,2.199006,6.113236,7,7,7
26,13,2,2,True,Low,Clear,0,0,0,0,2,2,0,0.1137102,0,0.1137102,0.510763,0.6244732,0,0,0,0,0,0,0,0,0,0,0,0,0,0,4.859756,4.685184,0.1745729,4.628601,4.014149,0.7459483,1,0.89,2.554012,0.5413692,1.843522,7,7,7
26,1,2,1,False,Low,Clear,0,0,0,0,2,2,0,0.09116851,0,0.09116851,0.4871389,0.5783074,0,0,0,0,0,0,0,0,0,0,0,0,0,0,4.610062,4.452211,0.0198288,4.603317,3.930665,0.8062725,1,0.95,2.666335,2.14077,5.95134,7,7,7
26,16,1,1,False,High,Clear,0,2,0,2,12,14,0,0.3762815,0,0.3762815,2.089619,2.4659,0.0669939,0,0,0,0,1,1,0,0.0206247,0,0.0206247,0.108494,0.1291187,0,4.897621,4.651656,0.1865134,4.981606,4.227149,1.144876,1,2.55,2.67021,0.4791152,1.33194,7,1,1
26,2,3,1,False,Low,Clear,0,0,0,0,4,4,0,0,0,0,0.6240169,0.6240169,0,0,0,0,0,0,0,0,0,0,0,0,0,0,4.876244,4.705147,0.1993351,4.704773,4.067837,0.7395215,1,1.00,2.573977,2.19714,6.108048,7,7,7
26,5,2,2,False,Low,Clear,0,2,0,2,0,2,0,0.44406,0,0.44406,0.1342211,0.578281,0.0883037,0,0,0,0,0,0,0,0,0,0,0,0,0,4.571037,4.41503,0.1560078,4.567215,3.965989,0.8459277,1,0.84,2.592017,0.5000256,1.718735,7,7,7
26,8,1,1,True,Low,Clear,0,0,0,0,8,8,0,0.0207294,0,0.0207294,1.848657,1.869386,0,0,0,0,0,0,0,0.1809391,0.1033735,0,0.2843126,0.022521,0.3068336,0,5.059448,4.903194,0.1265435,4.882141,4.350111,0.6294923,1,2.06,2.805253,0.897936,2.496262,7,1,1
26,26,3,1,True,High,Clear,0,0,0,0,2,2,0,0.2201416,0,0.2201416,0.4490702,0.6692119,0,0,2,0,2,1,3,0.0847634,0.0892297,0,0.1739931,0.1684831,0.3424762,1.309393,4.531052,4.383376,0.06094551,4.738167,4.35477,0.2714529,1,1.02,2.649018,2.103671,5.848206,7,7,7
26,6,3,2,False,Low,Clear,0,2,0,2,0,2,0,0.2330058,0,0.2330058,0.4450883,0.6780941,0.1074975,0,0,0,0,1,1,0,0,0,0,0.2380716,0.2380716,0,4.675369,4.498723,0.1140366,4.722435,4.218788,0.5591931,1,1.10,2.580075,0.2881083,0.8520208,7,7,7
26,21,2,2,False,High,Clear,2,0,0,2,0,2,0.4913968,0.0630111,0,0.5544079,0,0.5544079,0.0888502,0,0,0,0,0,0,0,0,0,0,0.2966039,0.2966039,0,4.552513,4.425826,0.1266875,4.584694,4.157806,0.4281373,1,0.89,2.746567,0.3835701,1.183426,7,7,7
